2025-08-05T23:14:34.229656Z  INFO tailwindcss_oxide::scanner: Provided sources:
2025-08-05T23:14:34.229783Z  INFO tailwindcss_oxide::scanner: Source: PublicSourceEntry { base: "/home/sduskett/dev/client-projects/theboisegunclub", pattern: "**/*", negated: false }
2025-08-05T23:14:34.229887Z  INFO tailwindcss_oxide::scanner: Optimized sources:
2025-08-05T23:14:34.229891Z  INFO tailwindcss_oxide::scanner: Source: Auto { base: "/home/sduskett/dev/client-projects/theboisegunclub" }
2025-08-05T23:14:34.230720Z  INFO scan_sources: tailwindcss_oxide::scanner: enter
2025-08-05T23:14:34.231098Z  INFO scan_sources: tailwindcss_oxide::scanner: Discovering "/home/sduskett/dev/client-projects/theboisegunclub/.specstory"
2025-08-05T23:14:34.231213Z  INFO scan_sources: tailwindcss_oxide::scanner: Discovering "/home/sduskett/dev/client-projects/theboisegunclub/.specstory/history"
2025-08-05T23:14:34.231309Z  INFO scan_sources: tailwindcss_oxide::scanner: Discovering "/home/sduskett/dev/client-projects/theboisegunclub/utils.ts"
2025-08-05T23:14:34.231355Z  INFO scan_sources: tailwindcss_oxide::scanner: Discovering "/home/sduskett/dev/client-projects/theboisegunclub/next.config.ts"
2025-08-05T23:14:34.231379Z  INFO scan_sources: tailwindcss_oxide::scanner: Discovering "/home/sduskett/dev/client-projects/theboisegunclub/.cursorindexingignore"
2025-08-05T23:14:34.231393Z  INFO scan_sources: tailwindcss_oxide::scanner: Discovering "/home/sduskett/dev/client-projects/theboisegunclub/.idea"
2025-08-05T23:14:34.231453Z  INFO scan_sources: tailwindcss_oxide::scanner: Discovering "/home/sduskett/dev/client-projects/theboisegunclub/.idea/theboisegunclub.iml"
2025-08-05T23:14:34.231498Z  INFO scan_sources: tailwindcss_oxide::scanner: Discovering "/home/sduskett/dev/client-projects/theboisegunclub/.idea/misc.xml"
2025-08-05T23:14:34.231510Z  INFO scan_sources: tailwindcss_oxide::scanner: Discovering "/home/sduskett/dev/client-projects/theboisegunclub/.idea/vcs.xml"
2025-08-05T23:14:34.231529Z  INFO scan_sources: tailwindcss_oxide::scanner: Discovering "/home/sduskett/dev/client-projects/theboisegunclub/.idea/modules.xml"
2025-08-05T23:14:34.231540Z  INFO scan_sources: tailwindcss_oxide::scanner: Discovering "/home/sduskett/dev/client-projects/theboisegunclub/.idea/inspectionProfiles"
2025-08-05T23:14:34.231558Z  INFO scan_sources: tailwindcss_oxide::scanner: Discovering "/home/sduskett/dev/client-projects/theboisegunclub/.idea/inspectionProfiles/Project_Default.xml"
2025-08-05T23:14:34.231585Z  INFO scan_sources: tailwindcss_oxide::scanner: Discovering "/home/sduskett/dev/client-projects/theboisegunclub/scripts"
2025-08-05T23:14:34.231604Z  INFO scan_sources: tailwindcss_oxide::scanner: Discovering "/home/sduskett/dev/client-projects/theboisegunclub/scripts/sync-design-docs.js"
2025-08-05T23:14:34.231625Z  INFO scan_sources: tailwindcss_oxide::scanner: Discovering "/home/sduskett/dev/client-projects/theboisegunclub/scripts/generate-ammo-list.js"
2025-08-05T23:14:34.231634Z  INFO scan_sources: tailwindcss_oxide::scanner: Discovering "/home/sduskett/dev/client-projects/theboisegunclub/scripts/validate-stories.js"
2025-08-05T23:14:34.231642Z  INFO scan_sources: tailwindcss_oxide::scanner: Discovering "/home/sduskett/dev/client-projects/theboisegunclub/scripts/quick-fix.js"
2025-08-05T23:14:34.231648Z  INFO scan_sources: tailwindcss_oxide::scanner: Discovering "/home/sduskett/dev/client-projects/theboisegunclub/scripts/health-check.js"
2025-08-05T23:14:34.231655Z  INFO scan_sources: tailwindcss_oxide::scanner: Discovering "/home/sduskett/dev/client-projects/theboisegunclub/scripts/fix-storybook.js"
2025-08-05T23:14:34.231671Z  INFO scan_sources: tailwindcss_oxide::scanner: Discovering "/home/sduskett/dev/client-projects/theboisegunclub/postcss.config.mjs"
2025-08-05T23:14:34.231680Z  INFO scan_sources: tailwindcss_oxide::scanner: Discovering "/home/sduskett/dev/client-projects/theboisegunclub/vitest.shims.d.ts"
2025-08-05T23:14:34.231699Z  INFO scan_sources: tailwindcss_oxide::scanner: Discovering "/home/sduskett/dev/client-projects/theboisegunclub/tsconfig.json"
2025-08-05T23:14:34.231744Z  INFO scan_sources: tailwindcss_oxide::scanner: Discovering "/home/sduskett/dev/client-projects/theboisegunclub/package.json"
2025-08-05T23:14:34.231766Z  INFO scan_sources: tailwindcss_oxide::scanner: Discovering "/home/sduskett/dev/client-projects/theboisegunclub/.specstory.config.json"
2025-08-05T23:14:34.231875Z  INFO scan_sources: tailwindcss_oxide::scanner: Discovering "/home/sduskett/dev/client-projects/theboisegunclub/eslint.config.mjs"
2025-08-05T23:14:34.231908Z  INFO scan_sources: tailwindcss_oxide::scanner: Discovering "/home/sduskett/dev/client-projects/theboisegunclub/specs"
2025-08-05T23:14:34.239927Z  INFO scan_sources: tailwindcss_oxide::scanner: Discovering "/home/sduskett/dev/client-projects/theboisegunclub/assets"
2025-08-05T23:14:34.243190Z  INFO scan_sources: tailwindcss_oxide::scanner: Discovering "/home/sduskett/dev/client-projects/theboisegunclub/assets/Audio"
2025-08-05T23:14:34.246843Z  INFO scan_sources: tailwindcss_oxide::scanner: Discovering "/home/sduskett/dev/client-projects/theboisegunclub/assets/Fonts"
2025-08-05T23:14:34.250774Z  INFO scan_sources: tailwindcss_oxide::scanner: Discovering "/home/sduskett/dev/client-projects/theboisegunclub/assets/Images"
2025-08-05T23:14:34.254590Z  INFO scan_sources: tailwindcss_oxide::scanner: Discovering "/home/sduskett/dev/client-projects/theboisegunclub/assets/Video"
2025-08-05T23:14:34.257835Z  INFO scan_sources: tailwindcss_oxide::scanner: Discovering "/home/sduskett/dev/client-projects/theboisegunclub/src"
2025-08-05T23:14:34.257939Z  INFO scan_sources: tailwindcss_oxide::scanner: Discovering "/home/sduskett/dev/client-projects/theboisegunclub/src/docs"
2025-08-05T23:14:34.257961Z  INFO scan_sources: tailwindcss_oxide::scanner: Discovering "/home/sduskett/dev/client-projects/theboisegunclub/src/docs/Code-Guidelines.mdx"
2025-08-05T23:14:34.257982Z  INFO scan_sources: tailwindcss_oxide::scanner: Discovering "/home/sduskett/dev/client-projects/theboisegunclub/src/docs/Design-System.mdx"
2025-08-05T23:14:34.257991Z  INFO scan_sources: tailwindcss_oxide::scanner: Discovering "/home/sduskett/dev/client-projects/theboisegunclub/src/docs/Business-Context.mdx"
2025-08-05T23:14:34.257999Z  INFO scan_sources: tailwindcss_oxide::scanner: Discovering "/home/sduskett/dev/client-projects/theboisegunclub/src/docs/AI-Enforcement.mdx"
2025-08-05T23:14:34.258011Z  INFO scan_sources: tailwindcss_oxide::scanner: Discovering "/home/sduskett/dev/client-projects/theboisegunclub/src/components"
2025-08-05T23:14:34.258041Z  INFO scan_sources: tailwindcss_oxide::scanner: Discovering "/home/sduskett/dev/client-projects/theboisegunclub/src/components/marketing"
2025-08-05T23:14:34.258079Z  INFO scan_sources: tailwindcss_oxide::scanner: Discovering "/home/sduskett/dev/client-projects/theboisegunclub/src/components/marketing/hero-section.tsx"
2025-08-05T23:14:34.258087Z  INFO scan_sources: tailwindcss_oxide::scanner: Discovering "/home/sduskett/dev/client-projects/theboisegunclub/src/components/marketing/service-grid.tsx"
2025-08-05T23:14:34.258104Z  INFO scan_sources: tailwindcss_oxide::scanner: Discovering "/home/sduskett/dev/client-projects/theboisegunclub/src/components/marketing/cta-section.tsx"
2025-08-05T23:14:34.258116Z  INFO scan_sources: tailwindcss_oxide::scanner: Discovering "/home/sduskett/dev/client-projects/theboisegunclub/src/components/ui"
2025-08-05T23:14:34.258163Z  INFO scan_sources: tailwindcss_oxide::scanner: Discovering "/home/sduskett/dev/client-projects/theboisegunclub/src/components/ui/avatar.tsx"
2025-08-05T23:14:34.258193Z  INFO scan_sources: tailwindcss_oxide::scanner: Discovering "/home/sduskett/dev/client-projects/theboisegunclub/src/components/ui/input.tsx"
2025-08-05T23:14:34.258201Z  INFO scan_sources: tailwindcss_oxide::scanner: Discovering "/home/sduskett/dev/client-projects/theboisegunclub/src/components/ui/sonner.tsx"
2025-08-05T23:14:34.258208Z  INFO scan_sources: tailwindcss_oxide::scanner: Discovering "/home/sduskett/dev/client-projects/theboisegunclub/src/components/ui/feature-grid.tsx"
2025-08-05T23:14:34.258215Z  INFO scan_sources: tailwindcss_oxide::scanner: Discovering "/home/sduskett/dev/client-projects/theboisegunclub/src/components/ui/sidebar.tsx"
2025-08-05T23:14:34.258237Z  INFO scan_sources: tailwindcss_oxide::scanner: Discovering "/home/sduskett/dev/client-projects/theboisegunclub/src/components/ui/navigation-menu.tsx"
2025-08-05T23:14:34.258244Z  INFO scan_sources: tailwindcss_oxide::scanner: Discovering "/home/sduskett/dev/client-projects/theboisegunclub/src/components/ui/tooltip.tsx"
2025-08-05T23:14:34.258250Z  INFO scan_sources: tailwindcss_oxide::scanner: Discovering "/home/sduskett/dev/client-projects/theboisegunclub/src/components/ui/sheet.tsx"
2025-08-05T23:14:34.258260Z  INFO scan_sources: tailwindcss_oxide::scanner: Discovering "/home/sduskett/dev/client-projects/theboisegunclub/src/components/ui/_component-pattern.tsx"
2025-08-05T23:14:34.258268Z  INFO scan_sources: tailwindcss_oxide::scanner: Discovering "/home/sduskett/dev/client-projects/theboisegunclub/src/components/ui/breadcrumb.tsx"
2025-08-05T23:14:34.258286Z  INFO scan_sources: tailwindcss_oxide::scanner: Discovering "/home/sduskett/dev/client-projects/theboisegunclub/src/components/ui/alert-dialog.tsx"
2025-08-05T23:14:34.258294Z  INFO scan_sources: tailwindcss_oxide::scanner: Discovering "/home/sduskett/dev/client-projects/theboisegunclub/src/components/ui/drawer.tsx"
2025-08-05T23:14:34.258301Z  INFO scan_sources: tailwindcss_oxide::scanner: Discovering "/home/sduskett/dev/client-projects/theboisegunclub/src/components/ui/input-otp.tsx"
2025-08-05T23:14:34.258308Z  INFO scan_sources: tailwindcss_oxide::scanner: Discovering "/home/sduskett/dev/client-projects/theboisegunclub/src/components/ui/dropdown-menu.tsx"
2025-08-05T23:14:34.258315Z  INFO scan_sources: tailwindcss_oxide::scanner: Discovering "/home/sduskett/dev/client-projects/theboisegunclub/src/components/ui/site-footer.tsx"
2025-08-05T23:14:34.258334Z  INFO scan_sources: tailwindcss_oxide::scanner: Discovering "/home/sduskett/dev/client-projects/theboisegunclub/src/components/ui/pricing-table.tsx"
2025-08-05T23:14:34.258342Z  INFO scan_sources: tailwindcss_oxide::scanner: Discovering "/home/sduskett/dev/client-projects/theboisegunclub/src/components/ui/EventCard.tsx"
2025-08-05T23:14:34.258349Z  INFO scan_sources: tailwindcss_oxide::scanner: Discovering "/home/sduskett/dev/client-projects/theboisegunclub/src/components/ui/VendorCard.tsx"
2025-08-05T23:14:34.258366Z  INFO scan_sources: tailwindcss_oxide::scanner: Discovering "/home/sduskett/dev/client-projects/theboisegunclub/src/components/ui/enhanced-button.tsx"
2025-08-05T23:14:34.258383Z  INFO scan_sources: tailwindcss_oxide::scanner: Discovering "/home/sduskett/dev/client-projects/theboisegunclub/src/components/ui/slider.tsx"
2025-08-05T23:14:34.258391Z  INFO scan_sources: tailwindcss_oxide::scanner: Discovering "/home/sduskett/dev/client-projects/theboisegunclub/src/components/ui/testimonial-carousel.tsx"
2025-08-05T23:14:34.258398Z  INFO scan_sources: tailwindcss_oxide::scanner: Discovering "/home/sduskett/dev/client-projects/theboisegunclub/src/components/ui/select.tsx"
2025-08-05T23:14:34.258415Z  INFO scan_sources: tailwindcss_oxide::scanner: Discovering "/home/sduskett/dev/client-projects/theboisegunclub/src/components/ui/button.tsx"
2025-08-05T23:14:34.258423Z  INFO scan_sources: tailwindcss_oxide::scanner: Discovering "/home/sduskett/dev/client-projects/theboisegunclub/src/components/ui/card.tsx"
2025-08-05T23:14:34.258430Z  INFO scan_sources: tailwindcss_oxide::scanner: Discovering "/home/sduskett/dev/client-projects/theboisegunclub/src/components/ui/scroll-area.tsx"
2025-08-05T23:14:34.258447Z  INFO scan_sources: tailwindcss_oxide::scanner: Discovering "/home/sduskett/dev/client-projects/theboisegunclub/src/components/ui/switch.tsx"
2025-08-05T23:14:34.258455Z  INFO scan_sources: tailwindcss_oxide::scanner: Discovering "/home/sduskett/dev/client-projects/theboisegunclub/src/components/ui/callout-card.tsx"
2025-08-05T23:14:34.258462Z  INFO scan_sources: tailwindcss_oxide::scanner: Discovering "/home/sduskett/dev/client-projects/theboisegunclub/src/components/ui/progress.tsx"
2025-08-05T23:14:34.258472Z  INFO scan_sources: tailwindcss_oxide::scanner: Discovering "/home/sduskett/dev/client-projects/theboisegunclub/src/components/ui/brand-carousel.tsx"
2025-08-05T23:14:34.258483Z  INFO scan_sources: tailwindcss_oxide::scanner: Discovering "/home/sduskett/dev/client-projects/theboisegunclub/src/components/ui/tabs.tsx"
2025-08-05T23:14:34.258502Z  INFO scan_sources: tailwindcss_oxide::scanner: Discovering "/home/sduskett/dev/client-projects/theboisegunclub/src/components/ui/altcha-widget.tsx"
2025-08-05T23:14:34.258510Z  INFO scan_sources: tailwindcss_oxide::scanner: Discovering "/home/sduskett/dev/client-projects/theboisegunclub/src/components/ui/sticky-search-menu.tsx"
2025-08-05T23:14:34.258517Z  INFO scan_sources: tailwindcss_oxide::scanner: Discovering "/home/sduskett/dev/client-projects/theboisegunclub/src/components/ui/site-navigation.tsx"
2025-08-05T23:14:34.258526Z  INFO scan_sources: tailwindcss_oxide::scanner: Discovering "/home/sduskett/dev/client-projects/theboisegunclub/src/components/ui/toggle.tsx"
2025-08-05T23:14:34.258544Z  INFO scan_sources: tailwindcss_oxide::scanner: Discovering "/home/sduskett/dev/client-projects/theboisegunclub/src/components/ui/event-ticker.tsx"
2025-08-05T23:14:34.258551Z  INFO scan_sources: tailwindcss_oxide::scanner: Discovering "/home/sduskett/dev/client-projects/theboisegunclub/src/components/ui/context-menu.tsx"
2025-08-05T23:14:34.258558Z  INFO scan_sources: tailwindcss_oxide::scanner: Discovering "/home/sduskett/dev/client-projects/theboisegunclub/src/components/ui/command.tsx"
2025-08-05T23:14:34.258564Z  INFO scan_sources: tailwindcss_oxide::scanner: Discovering "/home/sduskett/dev/client-projects/theboisegunclub/src/components/ui/NewThemeToggle.tsx"
2025-08-05T23:14:34.258581Z  INFO scan_sources: tailwindcss_oxide::scanner: Discovering "/home/sduskett/dev/client-projects/theboisegunclub/src/components/ui/textarea.tsx"
2025-08-05T23:14:34.258607Z  INFO scan_sources: tailwindcss_oxide::scanner: Discovering "/home/sduskett/dev/client-projects/theboisegunclub/src/components/ui/theme-provider.tsx"
2025-08-05T23:14:34.258615Z  INFO scan_sources: tailwindcss_oxide::scanner: Discovering "/home/sduskett/dev/client-projects/theboisegunclub/src/components/ui/mica-glass-demo.tsx"
2025-08-05T23:14:34.258622Z  INFO scan_sources: tailwindcss_oxide::scanner: Discovering "/home/sduskett/dev/client-projects/theboisegunclub/src/components/ui/stats-showcase.tsx"
2025-08-05T23:14:34.258629Z  INFO scan_sources: tailwindcss_oxide::scanner: Discovering "/home/sduskett/dev/client-projects/theboisegunclub/src/components/ui/index.ts"
2025-08-05T23:14:34.258646Z  INFO scan_sources: tailwindcss_oxide::scanner: Discovering "/home/sduskett/dev/client-projects/theboisegunclub/src/components/ui/form.tsx"
2025-08-05T23:14:34.258654Z  INFO scan_sources: tailwindcss_oxide::scanner: Discovering "/home/sduskett/dev/client-projects/theboisegunclub/src/components/ui/carousel.tsx"
2025-08-05T23:14:34.258660Z  INFO scan_sources: tailwindcss_oxide::scanner: Discovering "/home/sduskett/dev/client-projects/theboisegunclub/src/components/ui/table.tsx"
2025-08-05T23:14:34.258667Z  INFO scan_sources: tailwindcss_oxide::scanner: Discovering "/home/sduskett/dev/client-projects/theboisegunclub/src/components/ui/gallery-showcase.tsx"
2025-08-05T23:14:34.258676Z  INFO scan_sources: tailwindcss_oxide::scanner: Discovering "/home/sduskett/dev/client-projects/theboisegunclub/src/components/ui/resizable.tsx"
2025-08-05T23:14:34.258682Z  INFO scan_sources: tailwindcss_oxide::scanner: Discovering "/home/sduskett/dev/client-projects/theboisegunclub/src/components/ui/FacilityCard.tsx"
2025-08-05T23:14:34.258688Z  INFO scan_sources: tailwindcss_oxide::scanner: Discovering "/home/sduskett/dev/client-projects/theboisegunclub/src/components/ui/AnimatedSplashCard.tsx"
2025-08-05T23:14:34.258694Z  INFO scan_sources: tailwindcss_oxide::scanner: Discovering "/home/sduskett/dev/client-projects/theboisegunclub/src/components/ui/contact-form.tsx"
2025-08-05T23:14:34.258700Z  INFO scan_sources: tailwindcss_oxide::scanner: Discovering "/home/sduskett/dev/client-projects/theboisegunclub/src/components/ui/aspect-ratio.tsx"
2025-08-05T23:14:34.258709Z  INFO scan_sources: tailwindcss_oxide::scanner: Discovering "/home/sduskett/dev/client-projects/theboisegunclub/src/components/ui/floating-background.tsx"
2025-08-05T23:14:34.258715Z  INFO scan_sources: tailwindcss_oxide::scanner: Discovering "/home/sduskett/dev/client-projects/theboisegunclub/src/components/ui/UnsplashImage.tsx"
2025-08-05T23:14:34.258721Z  INFO scan_sources: tailwindcss_oxide::scanner: Discovering "/home/sduskett/dev/client-projects/theboisegunclub/src/components/ui/toggle-group.tsx"
2025-08-05T23:14:34.258726Z  INFO scan_sources: tailwindcss_oxide::scanner: Discovering "/home/sduskett/dev/client-projects/theboisegunclub/src/components/ui/menubar.tsx"
2025-08-05T23:14:34.258735Z  INFO scan_sources: tailwindcss_oxide::scanner: Discovering "/home/sduskett/dev/client-projects/theboisegunclub/src/components/ui/popover.tsx"
2025-08-05T23:14:34.258741Z  INFO scan_sources: tailwindcss_oxide::scanner: Discovering "/home/sduskett/dev/client-projects/theboisegunclub/src/components/ui/alert.tsx"
2025-08-05T23:14:34.258747Z  INFO scan_sources: tailwindcss_oxide::scanner: Discovering "/home/sduskett/dev/client-projects/theboisegunclub/src/components/ui/faq-accordion.tsx"
2025-08-05T23:14:34.258753Z  INFO scan_sources: tailwindcss_oxide::scanner: Discovering "/home/sduskett/dev/client-projects/theboisegunclub/src/components/ui/icon-showcase.tsx"
2025-08-05T23:14:34.258759Z  INFO scan_sources: tailwindcss_oxide::scanner: Discovering "/home/sduskett/dev/client-projects/theboisegunclub/src/components/ui/calendar.tsx"
2025-08-05T23:14:34.258765Z  INFO scan_sources: tailwindcss_oxide::scanner: Discovering "/home/sduskett/dev/client-projects/theboisegunclub/src/components/ui/LoadingSpinner.tsx"
2025-08-05T23:14:34.258772Z  INFO scan_sources: tailwindcss_oxide::scanner: Discovering "/home/sduskett/dev/client-projects/theboisegunclub/src/components/ui/AccessibilityFAB.tsx"
2025-08-05T23:14:34.258778Z  INFO scan_sources: tailwindcss_oxide::scanner: Discovering "/home/sduskett/dev/client-projects/theboisegunclub/src/components/ui/glassmorphism-examples.tsx"
2025-08-05T23:14:34.258784Z  INFO scan_sources: tailwindcss_oxide::scanner: Discovering "/home/sduskett/dev/client-projects/theboisegunclub/src/components/ui/blog-article.tsx"
2025-08-05T23:14:34.258789Z  INFO scan_sources: tailwindcss_oxide::scanner: Discovering "/home/sduskett/dev/client-projects/theboisegunclub/src/components/ui/navigation-fusion.tsx"
2025-08-05T23:14:34.258795Z  INFO scan_sources: tailwindcss_oxide::scanner: Discovering "/home/sduskett/dev/client-projects/theboisegunclub/src/components/ui/enhanced-card.tsx"
2025-08-05T23:14:34.258801Z  INFO scan_sources: tailwindcss_oxide::scanner: Discovering "/home/sduskett/dev/client-projects/theboisegunclub/src/components/ui/label.tsx"
2025-08-05T23:14:34.258807Z  INFO scan_sources: tailwindcss_oxide::scanner: Discovering "/home/sduskett/dev/client-projects/theboisegunclub/src/components/ui/checkbox.tsx"
2025-08-05T23:14:34.258813Z  INFO scan_sources: tailwindcss_oxide::scanner: Discovering "/home/sduskett/dev/client-projects/theboisegunclub/src/components/ui/directory-card.tsx"
2025-08-05T23:14:34.258819Z  INFO scan_sources: tailwindcss_oxide::scanner: Discovering "/home/sduskett/dev/client-projects/theboisegunclub/src/components/ui/hover-card.tsx"
2025-08-05T23:14:34.258825Z  INFO scan_sources: tailwindcss_oxide::scanner: Discovering "/home/sduskett/dev/client-projects/theboisegunclub/src/components/ui/radio-group.tsx"
2025-08-05T23:14:34.258831Z  INFO scan_sources: tailwindcss_oxide::scanner: Discovering "/home/sduskett/dev/client-projects/theboisegunclub/src/components/ui/stripe-style-nav.tsx"
2025-08-05T23:14:34.258837Z  INFO scan_sources: tailwindcss_oxide::scanner: Discovering "/home/sduskett/dev/client-projects/theboisegunclub/src/components/ui/StatCard.tsx"
2025-08-05T23:14:34.258842Z  INFO scan_sources: tailwindcss_oxide::scanner: Discovering "/home/sduskett/dev/client-projects/theboisegunclub/src/components/ui/enhanced-input.tsx"
2025-08-05T23:14:34.258850Z  INFO scan_sources: tailwindcss_oxide::scanner: Discovering "/home/sduskett/dev/client-projects/theboisegunclub/src/components/ui/badge.tsx"
2025-08-05T23:14:34.258856Z  INFO scan_sources: tailwindcss_oxide::scanner: Discovering "/home/sduskett/dev/client-projects/theboisegunclub/src/components/ui/dialog.tsx"
2025-08-05T23:14:34.258862Z  INFO scan_sources: tailwindcss_oxide::scanner: Discovering "/home/sduskett/dev/client-projects/theboisegunclub/src/components/ui/page-hero.tsx"
2025-08-05T23:14:34.258868Z  INFO scan_sources: tailwindcss_oxide::scanner: Discovering "/home/sduskett/dev/client-projects/theboisegunclub/src/components/ui/mega-hero.tsx"
2025-08-05T23:14:34.258873Z  INFO scan_sources: tailwindcss_oxide::scanner: Discovering "/home/sduskett/dev/client-projects/theboisegunclub/src/components/ui/separator.tsx"
2025-08-05T23:14:34.258879Z  INFO scan_sources: tailwindcss_oxide::scanner: Discovering "/home/sduskett/dev/client-projects/theboisegunclub/src/components/ui/section-divider.tsx"
2025-08-05T23:14:34.258885Z  INFO scan_sources: tailwindcss_oxide::scanner: Discovering "/home/sduskett/dev/client-projects/theboisegunclub/src/components/ui/accordion.tsx"
2025-08-05T23:14:34.258891Z  INFO scan_sources: tailwindcss_oxide::scanner: Discovering "/home/sduskett/dev/client-projects/theboisegunclub/src/components/ui/pagination.tsx"
2025-08-05T23:14:34.258897Z  INFO scan_sources: tailwindcss_oxide::scanner: Discovering "/home/sduskett/dev/client-projects/theboisegunclub/src/components/ui/product-showcase-card.tsx"
2025-08-05T23:14:34.258903Z  INFO scan_sources: tailwindcss_oxide::scanner: Discovering "/home/sduskett/dev/client-projects/theboisegunclub/src/components/ui/chart.tsx"
2025-08-05T23:14:34.258916Z  INFO scan_sources: tailwindcss_oxide::scanner: Discovering "/home/sduskett/dev/client-projects/theboisegunclub/src/components/ui/breadcrumb-hero.tsx"
2025-08-05T23:14:34.258934Z  INFO scan_sources: tailwindcss_oxide::scanner: Discovering "/home/sduskett/dev/client-projects/theboisegunclub/src/components/ui/site-header.tsx"
2025-08-05T23:14:34.258941Z  INFO scan_sources: tailwindcss_oxide::scanner: Discovering "/home/sduskett/dev/client-projects/theboisegunclub/src/components/ui/collapsible.tsx"
2025-08-05T23:14:34.258948Z  INFO scan_sources: tailwindcss_oxide::scanner: Discovering "/home/sduskett/dev/client-projects/theboisegunclub/src/components/ui/skeleton.tsx"
2025-08-05T23:14:34.258956Z  INFO scan_sources: tailwindcss_oxide::scanner: Discovering "/home/sduskett/dev/client-projects/theboisegunclub/src/components/ui/DirectoryCard.tsx"
2025-08-05T23:14:34.258979Z  INFO scan_sources: tailwindcss_oxide::scanner: Discovering "/home/sduskett/dev/client-projects/theboisegunclub/src/components/theme-provider.tsx"
2025-08-05T23:14:34.258990Z  INFO scan_sources: tailwindcss_oxide::scanner: Discovering "/home/sduskett/dev/client-projects/theboisegunclub/src/lib"
2025-08-05T23:14:34.259016Z  INFO scan_sources: tailwindcss_oxide::scanner: Discovering "/home/sduskett/dev/client-projects/theboisegunclub/src/lib/utils.ts"
2025-08-05T23:14:34.259033Z  INFO scan_sources: tailwindcss_oxide::scanner: Discovering "/home/sduskett/dev/client-projects/theboisegunclub/src/lib/label.tsx"
2025-08-05T23:14:34.259044Z  INFO scan_sources: tailwindcss_oxide::scanner: Discovering "/home/sduskett/dev/client-projects/theboisegunclub/src/hooks"
2025-08-05T23:14:34.259058Z  INFO scan_sources: tailwindcss_oxide::scanner: Discovering "/home/sduskett/dev/client-projects/theboisegunclub/src/hooks/use-mobile.ts"
2025-08-05T23:14:34.259087Z  INFO scan_sources: tailwindcss_oxide::scanner: Discovering "/home/sduskett/dev/client-projects/theboisegunclub/src/app"
2025-08-05T23:14:34.259128Z  INFO scan_sources: tailwindcss_oxide::scanner: Discovering "/home/sduskett/dev/client-projects/theboisegunclub/src/app/globals-new.css"
2025-08-05T23:14:34.259141Z  INFO scan_sources: tailwindcss_oxide::scanner: Discovering "/home/sduskett/dev/client-projects/theboisegunclub/src/app/guides"
2025-08-05T23:14:34.259161Z  INFO scan_sources: tailwindcss_oxide::scanner: Discovering "/home/sduskett/dev/client-projects/theboisegunclub/src/app/guides/page.tsx"
2025-08-05T23:14:34.259171Z  INFO scan_sources: tailwindcss_oxide::scanner: Discovering "/home/sduskett/dev/client-projects/theboisegunclub/src/app/directory"
2025-08-05T23:14:34.259185Z  INFO scan_sources: tailwindcss_oxide::scanner: Discovering "/home/sduskett/dev/client-projects/theboisegunclub/src/app/directory/page.tsx"
2025-08-05T23:14:34.259205Z  INFO scan_sources: tailwindcss_oxide::scanner: Discovering "/home/sduskett/dev/client-projects/theboisegunclub/src/app/globals.css"
2025-08-05T23:14:34.259217Z  INFO scan_sources: tailwindcss_oxide::scanner: Discovering "/home/sduskett/dev/client-projects/theboisegunclub/src/app/api"
2025-08-05T23:14:34.259246Z  INFO scan_sources: tailwindcss_oxide::scanner: Discovering "/home/sduskett/dev/client-projects/theboisegunclub/src/app/api/altcha"
2025-08-05T23:14:34.259284Z  INFO scan_sources: tailwindcss_oxide::scanner: Discovering "/home/sduskett/dev/client-projects/theboisegunclub/src/app/api/altcha/challenge"
2025-08-05T23:14:34.259300Z  INFO scan_sources: tailwindcss_oxide::scanner: Discovering "/home/sduskett/dev/client-projects/theboisegunclub/src/app/api/altcha/challenge/route.ts"
2025-08-05T23:14:34.259322Z  INFO scan_sources: tailwindcss_oxide::scanner: Discovering "/home/sduskett/dev/client-projects/theboisegunclub/src/app/api/contact"
2025-08-05T23:14:34.259339Z  INFO scan_sources: tailwindcss_oxide::scanner: Discovering "/home/sduskett/dev/client-projects/theboisegunclub/src/app/api/contact/route.ts"
2025-08-05T23:14:34.259358Z  INFO scan_sources: tailwindcss_oxide::scanner: Discovering "/home/sduskett/dev/client-projects/theboisegunclub/src/app/globals-backup.css"
2025-08-05T23:14:34.259369Z  INFO scan_sources: tailwindcss_oxide::scanner: Discovering "/home/sduskett/dev/client-projects/theboisegunclub/src/app/marketplace"
2025-08-05T23:14:34.259384Z  INFO scan_sources: tailwindcss_oxide::scanner: Discovering "/home/sduskett/dev/client-projects/theboisegunclub/src/app/marketplace/page.tsx"
2025-08-05T23:14:34.259406Z  INFO scan_sources: tailwindcss_oxide::scanner: Discovering "/home/sduskett/dev/client-projects/theboisegunclub/src/app/training"
2025-08-05T23:14:34.259420Z  INFO scan_sources: tailwindcss_oxide::scanner: Discovering "/home/sduskett/dev/client-projects/theboisegunclub/src/app/training/page-simple.tsx"
2025-08-05T23:14:34.259438Z  INFO scan_sources: tailwindcss_oxide::scanner: Discovering "/home/sduskett/dev/client-projects/theboisegunclub/src/app/training/page.tsx"
2025-08-05T23:14:34.259447Z  INFO scan_sources: tailwindcss_oxide::scanner: Discovering "/home/sduskett/dev/client-projects/theboisegunclub/src/app/layout.tsx"
2025-08-05T23:14:34.259457Z  INFO scan_sources: tailwindcss_oxide::scanner: Discovering "/home/sduskett/dev/client-projects/theboisegunclub/src/app/globals.backup.css"
2025-08-05T23:14:34.259475Z  INFO scan_sources: tailwindcss_oxide::scanner: Discovering "/home/sduskett/dev/client-projects/theboisegunclub/src/app/page.tsx"
2025-08-05T23:14:34.259485Z  INFO scan_sources: tailwindcss_oxide::scanner: Discovering "/home/sduskett/dev/client-projects/theboisegunclub/src/app/events"
2025-08-05T23:14:34.259522Z  INFO scan_sources: tailwindcss_oxide::scanner: Discovering "/home/sduskett/dev/client-projects/theboisegunclub/src/app/events/page.tsx"
2025-08-05T23:14:34.259555Z  INFO scan_sources: tailwindcss_oxide::scanner: Discovering "/home/sduskett/dev/client-projects/theboisegunclub/src/app/components-demo"
2025-08-05T23:14:34.259570Z  INFO scan_sources: tailwindcss_oxide::scanner: Discovering "/home/sduskett/dev/client-projects/theboisegunclub/src/app/components-demo/page.tsx"
2025-08-05T23:14:34.259592Z  INFO scan_sources: tailwindcss_oxide::scanner: Discovering "/home/sduskett/dev/client-projects/theboisegunclub/src/app/map"
2025-08-05T23:14:34.259607Z  INFO scan_sources: tailwindcss_oxide::scanner: Discovering "/home/sduskett/dev/client-projects/theboisegunclub/src/app/map/page.tsx"
2025-08-05T23:14:34.259640Z  INFO scan_sources: tailwindcss_oxide::scanner: Discovering "/home/sduskett/dev/client-projects/theboisegunclub/src/stories"
2025-08-05T23:14:34.259668Z  INFO scan_sources: tailwindcss_oxide::scanner: Discovering "/home/sduskett/dev/client-projects/theboisegunclub/src/stories/Components"
2025-08-05T23:14:34.259694Z  INFO scan_sources: tailwindcss_oxide::scanner: Discovering "/home/sduskett/dev/client-projects/theboisegunclub/src/stories/Components/Atoms"
2025-08-05T23:14:34.259739Z  INFO scan_sources: tailwindcss_oxide::scanner: Discovering "/home/sduskett/dev/client-projects/theboisegunclub/src/stories/Components/Atoms/Card.stories.tsx"
2025-08-05T23:14:34.259766Z  INFO scan_sources: tailwindcss_oxide::scanner: Discovering "/home/sduskett/dev/client-projects/theboisegunclub/src/stories/Components/Atoms/Progress.stories.tsx"
2025-08-05T23:14:34.259774Z  INFO scan_sources: tailwindcss_oxide::scanner: Discovering "/home/sduskett/dev/client-projects/theboisegunclub/src/stories/Components/Atoms/Label.stories.tsx"
2025-08-05T23:14:34.259780Z  INFO scan_sources: tailwindcss_oxide::scanner: Discovering "/home/sduskett/dev/client-projects/theboisegunclub/src/stories/Components/Atoms/Skeleton.stories.tsx"
2025-08-05T23:14:34.259788Z  INFO scan_sources: tailwindcss_oxide::scanner: Discovering "/home/sduskett/dev/client-projects/theboisegunclub/src/stories/Components/Atoms/Sonner.stories.tsx"
2025-08-05T23:14:34.259806Z  INFO scan_sources: tailwindcss_oxide::scanner: Discovering "/home/sduskett/dev/client-projects/theboisegunclub/src/stories/Components/Atoms/InputOTP.stories.tsx"
2025-08-05T23:14:34.259814Z  INFO scan_sources: tailwindcss_oxide::scanner: Discovering "/home/sduskett/dev/client-projects/theboisegunclub/src/stories/Components/Atoms/RadioGroup.stories.tsx"
2025-08-05T23:14:34.259822Z  INFO scan_sources: tailwindcss_oxide::scanner: Discovering "/home/sduskett/dev/client-projects/theboisegunclub/src/stories/Components/Atoms/Badge-Enhanced.stories.tsx"
2025-08-05T23:14:34.259830Z  INFO scan_sources: tailwindcss_oxide::scanner: Discovering "/home/sduskett/dev/client-projects/theboisegunclub/src/stories/Components/Atoms/Input.stories.tsx"
2025-08-05T23:14:34.259847Z  INFO scan_sources: tailwindcss_oxide::scanner: Discovering "/home/sduskett/dev/client-projects/theboisegunclub/src/stories/Components/Atoms/Button.stories.tsx"
2025-08-05T23:14:34.259855Z  INFO scan_sources: tailwindcss_oxide::scanner: Discovering "/home/sduskett/dev/client-projects/theboisegunclub/src/stories/Components/Atoms/SectionDivider.stories.tsx"
2025-08-05T23:14:34.259862Z  INFO scan_sources: tailwindcss_oxide::scanner: Discovering "/home/sduskett/dev/client-projects/theboisegunclub/src/stories/Components/Atoms/Tooltip.stories.tsx"
2025-08-05T23:14:34.259879Z  INFO scan_sources: tailwindcss_oxide::scanner: Discovering "/home/sduskett/dev/client-projects/theboisegunclub/src/stories/Components/Atoms/AccessibilityFAB.stories.tsx"
2025-08-05T23:14:34.259887Z  INFO scan_sources: tailwindcss_oxide::scanner: Discovering "/home/sduskett/dev/client-projects/theboisegunclub/src/stories/Components/Atoms/AspectRatio.stories.tsx"
2025-08-05T23:14:34.259894Z  INFO scan_sources: tailwindcss_oxide::scanner: Discovering "/home/sduskett/dev/client-projects/theboisegunclub/src/stories/Components/Atoms/ToggleGroup.stories.tsx"
2025-08-05T23:14:34.259911Z  INFO scan_sources: tailwindcss_oxide::scanner: Discovering "/home/sduskett/dev/client-projects/theboisegunclub/src/stories/Components/Atoms/Separator.stories.tsx"
2025-08-05T23:14:34.259920Z  INFO scan_sources: tailwindcss_oxide::scanner: Discovering "/home/sduskett/dev/client-projects/theboisegunclub/src/stories/Components/Atoms/Slider.stories.tsx"
2025-08-05T23:14:34.259938Z  INFO scan_sources: tailwindcss_oxide::scanner: Discovering "/home/sduskett/dev/client-projects/theboisegunclub/src/stories/Components/Atoms/Checkbox.stories.tsx"
2025-08-05T23:14:34.259945Z  INFO scan_sources: tailwindcss_oxide::scanner: Discovering "/home/sduskett/dev/client-projects/theboisegunclub/src/stories/Components/Atoms/Avatar.stories.tsx"
2025-08-05T23:14:34.259956Z  INFO scan_sources: tailwindcss_oxide::scanner: Discovering "/home/sduskett/dev/client-projects/theboisegunclub/src/stories/Components/Atoms/Switch.stories.tsx"
2025-08-05T23:14:34.259973Z  INFO scan_sources: tailwindcss_oxide::scanner: Discovering "/home/sduskett/dev/client-projects/theboisegunclub/src/stories/Components/Atoms/Textarea.stories.tsx"
2025-08-05T23:14:34.259981Z  INFO scan_sources: tailwindcss_oxide::scanner: Discovering "/home/sduskett/dev/client-projects/theboisegunclub/src/stories/Components/Atoms/Alert.stories.tsx"
2025-08-05T23:14:34.259988Z  INFO scan_sources: tailwindcss_oxide::scanner: Discovering "/home/sduskett/dev/client-projects/theboisegunclub/src/stories/Components/Atoms/Resizable.stories.tsx"
2025-08-05T23:14:34.260005Z  INFO scan_sources: tailwindcss_oxide::scanner: Discovering "/home/sduskett/dev/client-projects/theboisegunclub/src/stories/Components/Atoms/Toggle.stories.tsx"
2025-08-05T23:14:34.260013Z  INFO scan_sources: tailwindcss_oxide::scanner: Discovering "/home/sduskett/dev/client-projects/theboisegunclub/src/stories/Components/Atoms/Select.stories.tsx"
2025-08-05T23:14:34.260020Z  INFO scan_sources: tailwindcss_oxide::scanner: Discovering "/home/sduskett/dev/client-projects/theboisegunclub/src/stories/Components/Atoms/ScrollArea.stories.tsx"
2025-08-05T23:14:34.260037Z  INFO scan_sources: tailwindcss_oxide::scanner: Discovering "/home/sduskett/dev/client-projects/theboisegunclub/src/stories/Components/Atoms/ProductShowcaseCard.stories.tsx"
2025-08-05T23:14:34.260045Z  INFO scan_sources: tailwindcss_oxide::scanner: Discovering "/home/sduskett/dev/client-projects/theboisegunclub/src/stories/Components/Atoms/LoadingSpinner.stories.tsx"
2025-08-05T23:14:34.260057Z  INFO scan_sources: tailwindcss_oxide::scanner: Discovering "/home/sduskett/dev/client-projects/theboisegunclub/src/stories/Components/Molecules"
2025-08-05T23:14:34.260087Z  INFO scan_sources: tailwindcss_oxide::scanner: Discovering "/home/sduskett/dev/client-projects/theboisegunclub/src/stories/Components/Molecules/Menubar.stories.tsx"
2025-08-05T23:14:34.260095Z  INFO scan_sources: tailwindcss_oxide::scanner: Discovering "/home/sduskett/dev/client-projects/theboisegunclub/src/stories/Components/Molecules/Form.stories.tsx"
2025-08-05T23:14:34.260113Z  INFO scan_sources: tailwindcss_oxide::scanner: Discovering "/home/sduskett/dev/client-projects/theboisegunclub/src/stories/Components/Molecules/Tabs.stories.tsx"
2025-08-05T23:14:34.260122Z  INFO scan_sources: tailwindcss_oxide::scanner: Discovering "/home/sduskett/dev/client-projects/theboisegunclub/src/stories/Components/Molecules/Drawer.stories.tsx"
2025-08-05T23:14:34.260129Z  INFO scan_sources: tailwindcss_oxide::scanner: Discovering "/home/sduskett/dev/client-projects/theboisegunclub/src/stories/Components/Molecules/NavigationMenu.stories.tsx"
2025-08-05T23:14:34.260136Z  INFO scan_sources: tailwindcss_oxide::scanner: Discovering "/home/sduskett/dev/client-projects/theboisegunclub/src/stories/Components/Molecules/FAQAccordion.stories.tsx"
2025-08-05T23:14:34.260153Z  INFO scan_sources: tailwindcss_oxide::scanner: Discovering "/home/sduskett/dev/client-projects/theboisegunclub/src/stories/Components/Molecules/Chart.stories.tsx"
2025-08-05T23:14:34.260171Z  INFO scan_sources: tailwindcss_oxide::scanner: Discovering "/home/sduskett/dev/client-projects/theboisegunclub/src/stories/Components/Molecules/Command.stories.tsx"
2025-08-05T23:14:34.260189Z  INFO scan_sources: tailwindcss_oxide::scanner: Discovering "/home/sduskett/dev/client-projects/theboisegunclub/src/stories/Components/Molecules/Callout-Card.stories.tsx"
2025-08-05T23:14:34.260197Z  INFO scan_sources: tailwindcss_oxide::scanner: Discovering "/home/sduskett/dev/client-projects/theboisegunclub/src/stories/Components/Molecules/HoverCard.stories.tsx"
2025-08-05T23:14:34.260204Z  INFO scan_sources: tailwindcss_oxide::scanner: Discovering "/home/sduskett/dev/client-projects/theboisegunclub/src/stories/Components/Molecules/Sheet.stories.tsx"
2025-08-05T23:14:34.260223Z  INFO scan_sources: tailwindcss_oxide::scanner: Discovering "/home/sduskett/dev/client-projects/theboisegunclub/src/stories/Components/Molecules/DropdownMenu.stories.tsx"
2025-08-05T23:14:34.260231Z  INFO scan_sources: tailwindcss_oxide::scanner: Discovering "/home/sduskett/dev/client-projects/theboisegunclub/src/stories/Components/Molecules/Carousel.stories.tsx"
2025-08-05T23:14:34.260238Z  INFO scan_sources: tailwindcss_oxide::scanner: Discovering "/home/sduskett/dev/client-projects/theboisegunclub/src/stories/Components/Molecules/Table.stories.tsx"
2025-08-05T23:14:34.260256Z  INFO scan_sources: tailwindcss_oxide::scanner: Discovering "/home/sduskett/dev/client-projects/theboisegunclub/src/stories/Components/Molecules/DirectoryCard.stories.tsx"
2025-08-05T23:14:34.260274Z  INFO scan_sources: tailwindcss_oxide::scanner: Discovering "/home/sduskett/dev/client-projects/theboisegunclub/src/stories/Components/Molecules/Accordion.stories.tsx"
2025-08-05T23:14:34.260281Z  INFO scan_sources: tailwindcss_oxide::scanner: Discovering "/home/sduskett/dev/client-projects/theboisegunclub/src/stories/Components/Molecules/Contact-Form.stories.tsx"
2025-08-05T23:14:34.260298Z  INFO scan_sources: tailwindcss_oxide::scanner: Discovering "/home/sduskett/dev/client-projects/theboisegunclub/src/stories/Components/Molecules/Collapsible.stories.tsx"
2025-08-05T23:14:34.260306Z  INFO scan_sources: tailwindcss_oxide::scanner: Discovering "/home/sduskett/dev/client-projects/theboisegunclub/src/stories/Components/Molecules/AlertDialog.stories.tsx"
2025-08-05T23:14:34.260312Z  INFO scan_sources: tailwindcss_oxide::scanner: Discovering "/home/sduskett/dev/client-projects/theboisegunclub/src/stories/Components/Molecules/Popover.stories.tsx"
2025-08-05T23:14:34.260319Z  INFO scan_sources: tailwindcss_oxide::scanner: Discovering "/home/sduskett/dev/client-projects/theboisegunclub/src/stories/Components/Molecules/ContextMenu.stories.tsx"
2025-08-05T23:14:34.260335Z  INFO scan_sources: tailwindcss_oxide::scanner: Discovering "/home/sduskett/dev/client-projects/theboisegunclub/src/stories/Components/Molecules/Breadcrumb.stories.tsx"
2025-08-05T23:14:34.260343Z  INFO scan_sources: tailwindcss_oxide::scanner: Discovering "/home/sduskett/dev/client-projects/theboisegunclub/src/stories/Components/Molecules/Pagination.stories.tsx"
2025-08-05T23:14:34.260349Z  INFO scan_sources: tailwindcss_oxide::scanner: Discovering "/home/sduskett/dev/client-projects/theboisegunclub/src/stories/Components/Molecules/StatCard.stories.tsx"
2025-08-05T23:14:34.260356Z  INFO scan_sources: tailwindcss_oxide::scanner: Discovering "/home/sduskett/dev/client-projects/theboisegunclub/src/stories/Components/Molecules/Dialog.stories.tsx"
2025-08-05T23:14:34.260376Z  INFO scan_sources: tailwindcss_oxide::scanner: Discovering "/home/sduskett/dev/client-projects/theboisegunclub/src/stories/Components/Organisms"
2025-08-05T23:14:34.260402Z  INFO scan_sources: tailwindcss_oxide::scanner: Discovering "/home/sduskett/dev/client-projects/theboisegunclub/src/stories/Components/Organisms/SiteNavigation.stories.tsx"
2025-08-05T23:14:34.260410Z  INFO scan_sources: tailwindcss_oxide::scanner: Discovering "/home/sduskett/dev/client-projects/theboisegunclub/src/stories/Components/Organisms/FacilityCard.stories.tsx"
2025-08-05T23:14:34.260417Z  INFO scan_sources: tailwindcss_oxide::scanner: Discovering "/home/sduskett/dev/client-projects/theboisegunclub/src/stories/Components/Organisms/Mega-Hero.stories.tsx"
2025-08-05T23:14:34.260435Z  INFO scan_sources: tailwindcss_oxide::scanner: Discovering "/home/sduskett/dev/client-projects/theboisegunclub/src/stories/Components/Organisms/Sidebar.stories.tsx"
2025-08-05T23:14:34.260443Z  INFO scan_sources: tailwindcss_oxide::scanner: Discovering "/home/sduskett/dev/client-projects/theboisegunclub/src/stories/Components/Organisms/Page-Hero.stories.tsx"
2025-08-05T23:14:34.260450Z  INFO scan_sources: tailwindcss_oxide::scanner: Discovering "/home/sduskett/dev/client-projects/theboisegunclub/src/stories/Components/Organisms/Site-Footer.stories.tsx"
2025-08-05T23:14:34.260470Z  INFO scan_sources: tailwindcss_oxide::scanner: Discovering "/home/sduskett/dev/client-projects/theboisegunclub/src/stories/Components/Organisms/FeatureGrid.stories.tsx"
2025-08-05T23:14:34.260477Z  INFO scan_sources: tailwindcss_oxide::scanner: Discovering "/home/sduskett/dev/client-projects/theboisegunclub/src/stories/Components/Organisms/Calendar.stories.tsx"
2025-08-05T23:14:34.260489Z  INFO scan_sources: tailwindcss_oxide::scanner: Discovering "/home/sduskett/dev/client-projects/theboisegunclub/src/stories/Pages"
2025-08-05T23:14:34.260515Z  INFO scan_sources: tailwindcss_oxide::scanner: Discovering "/home/sduskett/dev/client-projects/theboisegunclub/src/stories/Pages/LandingPage.stories.tsx"
2025-08-05T23:14:34.260533Z  INFO scan_sources: tailwindcss_oxide::scanner: Discovering "/home/sduskett/dev/client-projects/theboisegunclub/src/stories/Pages/GalleryShowcase.stories.tsx"
2025-08-05T23:14:34.260540Z  INFO scan_sources: tailwindcss_oxide::scanner: Discovering "/home/sduskett/dev/client-projects/theboisegunclub/src/stories/Pages/StatsShowcase.stories.tsx"
2025-08-05T23:14:34.260547Z  INFO scan_sources: tailwindcss_oxide::scanner: Discovering "/home/sduskett/dev/client-projects/theboisegunclub/src/stories/Pages/Blog-Article.stories.tsx"
2025-08-05T23:14:34.260556Z  INFO scan_sources: tailwindcss_oxide::scanner: Discovering "/home/sduskett/dev/client-projects/theboisegunclub/src/stories/Business"
2025-08-05T23:14:34.260583Z  INFO scan_sources: tailwindcss_oxide::scanner: Discovering "/home/sduskett/dev/client-projects/theboisegunclub/src/stories/Business/Pricing-Table.stories.tsx"
2025-08-05T23:14:34.260591Z  INFO scan_sources: tailwindcss_oxide::scanner: Discovering "/home/sduskett/dev/client-projects/theboisegunclub/src/stories/Business/TestimonialCarousel.stories.tsx"
2025-08-05T23:14:34.260609Z  INFO scan_sources: tailwindcss_oxide::scanner: Discovering "/home/sduskett/dev/client-projects/theboisegunclub/src/stories/Business/VendorCard.stories.tsx"
2025-08-05T23:14:34.260618Z  INFO scan_sources: tailwindcss_oxide::scanner: Discovering "/home/sduskett/dev/client-projects/theboisegunclub/src/stories/Business/BusinessContext.stories.tsx"
2025-08-05T23:14:34.260625Z  INFO scan_sources: tailwindcss_oxide::scanner: Discovering "/home/sduskett/dev/client-projects/theboisegunclub/src/stories/Business/BrandCarousel.stories.tsx"
2025-08-05T23:14:34.260634Z  INFO scan_sources: tailwindcss_oxide::scanner: Discovering "/home/sduskett/dev/client-projects/theboisegunclub/src/stories/Foundation"
2025-08-05T23:14:34.260659Z  INFO scan_sources: tailwindcss_oxide::scanner: Discovering "/home/sduskett/dev/client-projects/theboisegunclub/src/stories/Foundation/ThemeProvider.stories.tsx"
2025-08-05T23:14:34.260677Z  INFO scan_sources: tailwindcss_oxide::scanner: Discovering "/home/sduskett/dev/client-projects/theboisegunclub/src/stories/Foundation/TypographyScale.stories.tsx"
2025-08-05T23:14:34.260684Z  INFO scan_sources: tailwindcss_oxide::scanner: Discovering "/home/sduskett/dev/client-projects/theboisegunclub/src/stories/Foundation/SpacingSystem.stories.tsx"
2025-08-05T23:14:34.260691Z  INFO scan_sources: tailwindcss_oxide::scanner: Discovering "/home/sduskett/dev/client-projects/theboisegunclub/src/stories/Foundation/NewThemeToggle.stories.tsx"
2025-08-05T23:14:34.260708Z  INFO scan_sources: tailwindcss_oxide::scanner: Discovering "/home/sduskett/dev/client-projects/theboisegunclub/src/stories/Foundation/ThemeSystem.stories.tsx"
2025-08-05T23:14:34.260715Z  INFO scan_sources: tailwindcss_oxide::scanner: Discovering "/home/sduskett/dev/client-projects/theboisegunclub/src/stories/Foundation/DesignTokens.stories.tsx"
2025-08-05T23:14:34.260722Z  INFO scan_sources: tailwindcss_oxide::scanner: Discovering "/home/sduskett/dev/client-projects/theboisegunclub/src/stories/Foundation/IconShowcase.stories.tsx"
2025-08-05T23:14:34.260728Z  INFO scan_sources: tailwindcss_oxide::scanner: Discovering "/home/sduskett/dev/client-projects/theboisegunclub/src/stories/Foundation/DarkMode-Test.stories.tsx"
2025-08-05T23:14:34.260747Z  INFO scan_sources: tailwindcss_oxide::scanner: Discovering "/home/sduskett/dev/client-projects/theboisegunclub/src/stories/Foundation/ColorPalette.stories.tsx"
2025-08-05T23:14:34.260754Z  INFO scan_sources: tailwindcss_oxide::scanner: Discovering "/home/sduskett/dev/client-projects/theboisegunclub/src/stories/Foundation/ShadowSystem.stories.tsx"
2025-08-05T23:14:34.260761Z  INFO scan_sources: tailwindcss_oxide::scanner: Discovering "/home/sduskett/dev/client-projects/theboisegunclub/src/stories/Foundation/ThemeTest.stories.tsx"
2025-08-05T23:14:34.260781Z  INFO scan_sources: tailwindcss_oxide::scanner: Discovering "/home/sduskett/dev/client-projects/theboisegunclub/src/stories/assets"
2025-08-05T23:14:34.260802Z  INFO scan_sources: tailwindcss_oxide::scanner: Discovering "/home/sduskett/dev/client-projects/theboisegunclub/src/stories/assets/tutorials.svg"
2025-08-05T23:14:34.260836Z  INFO scan_sources: tailwindcss_oxide::scanner: Discovering "/home/sduskett/dev/client-projects/theboisegunclub/src/stories/assets/youtube.svg"
2025-08-05T23:14:34.260864Z  INFO scan_sources: tailwindcss_oxide::scanner: Discovering "/home/sduskett/dev/client-projects/theboisegunclub/src/stories/assets/discord.svg"
2025-08-05T23:14:34.260871Z  INFO scan_sources: tailwindcss_oxide::scanner: Discovering "/home/sduskett/dev/client-projects/theboisegunclub/src/stories/assets/accessibility.svg"
2025-08-05T23:14:34.260878Z  INFO scan_sources: tailwindcss_oxide::scanner: Discovering "/home/sduskett/dev/client-projects/theboisegunclub/src/stories/assets/github.svg"
2025-08-05T23:14:34.260890Z  INFO scan_sources: tailwindcss_oxide::scanner: Discovering "/home/sduskett/dev/client-projects/theboisegunclub/src/stories/Patterns"
2025-08-05T23:14:34.260905Z  INFO scan_sources: tailwindcss_oxide::scanner: Discovering "/home/sduskett/dev/client-projects/theboisegunclub/src/stories/Patterns/ComponentCombinations.stories.tsx"
2025-08-05T23:14:34.260927Z  INFO scan_sources: tailwindcss_oxide::scanner: Discovering "/home/sduskett/dev/client-projects/theboisegunclub/src/stories/Patterns/Breadcrumb-Hero.stories.tsx"
2025-08-05T23:14:34.260934Z  INFO scan_sources: tailwindcss_oxide::scanner: Discovering "/home/sduskett/dev/client-projects/theboisegunclub/src/stories/Patterns/FloatingBackground.stories.tsx"
2025-08-05T23:14:34.260940Z  INFO scan_sources: tailwindcss_oxide::scanner: Discovering "/home/sduskett/dev/client-projects/theboisegunclub/src/stories/Patterns/AnimatedSplashCard.stories.tsx"
2025-08-05T23:14:34.260946Z  INFO scan_sources: tailwindcss_oxide::scanner: Discovering "/home/sduskett/dev/client-projects/theboisegunclub/src/stories/Patterns/MicaGlassSystem.stories.tsx"
2025-08-05T23:14:34.260960Z  INFO scan_sources: tailwindcss_oxide::scanner: Discovering "/home/sduskett/dev/client-projects/theboisegunclub/.storybook"
2025-08-05T23:14:34.261006Z  INFO scan_sources: tailwindcss_oxide::scanner: Discovering "/home/sduskett/dev/client-projects/theboisegunclub/.storybook/main.ts"
2025-08-05T23:14:34.261026Z  INFO scan_sources: tailwindcss_oxide::scanner: Discovering "/home/sduskett/dev/client-projects/theboisegunclub/.storybook/vitest.setup.ts"
2025-08-05T23:14:34.261036Z  INFO scan_sources: tailwindcss_oxide::scanner: Discovering "/home/sduskett/dev/client-projects/theboisegunclub/.storybook/preview.tsx"
2025-08-05T23:14:34.261043Z  INFO scan_sources: tailwindcss_oxide::scanner: Discovering "/home/sduskett/dev/client-projects/theboisegunclub/.storybook/tailwind.config.ts"
2025-08-05T23:14:34.261061Z  INFO scan_sources: tailwindcss_oxide::scanner: Discovering "/home/sduskett/dev/client-projects/theboisegunclub/vitest.config.ts"
2025-08-05T23:14:34.261073Z  INFO scan_sources: tailwindcss_oxide::scanner: Discovering "/home/sduskett/dev/client-projects/theboisegunclub/.github"
2025-08-05T23:14:34.261103Z  INFO scan_sources: tailwindcss_oxide::scanner: Discovering "/home/sduskett/dev/client-projects/theboisegunclub/components.json"
2025-08-05T23:14:34.261125Z  INFO scan_sources: tailwindcss_oxide::scanner: Discovering "/home/sduskett/dev/client-projects/theboisegunclub/public"
2025-08-05T23:14:34.261144Z  INFO scan_sources: tailwindcss_oxide::scanner: Discovering "/home/sduskett/dev/client-projects/theboisegunclub/public/window.svg"
2025-08-05T23:14:34.261152Z  INFO scan_sources: tailwindcss_oxide::scanner: Discovering "/home/sduskett/dev/client-projects/theboisegunclub/public/design-tokens.source.json"
2025-08-05T23:14:34.261159Z  INFO scan_sources: tailwindcss_oxide::scanner: Discovering "/home/sduskett/dev/client-projects/theboisegunclub/public/globe.svg"
2025-08-05T23:14:34.261166Z  INFO scan_sources: tailwindcss_oxide::scanner: Discovering "/home/sduskett/dev/client-projects/theboisegunclub/public/images"
2025-08-05T23:14:34.261180Z  INFO scan_sources: tailwindcss_oxide::scanner: Discovering "/home/sduskett/dev/client-projects/theboisegunclub/public/images/Smoke"
2025-08-05T23:14:34.261215Z  INFO scan_sources: tailwindcss_oxide::scanner: Discovering "/home/sduskett/dev/client-projects/theboisegunclub/public/images/Dust"
2025-08-05T23:14:34.261282Z  INFO scan_sources: tailwindcss_oxide::scanner: Discovering "/home/sduskett/dev/client-projects/theboisegunclub/public/images/PixelHeat"
2025-08-05T23:14:34.261332Z  INFO scan_sources: tailwindcss_oxide::scanner: Discovering "/home/sduskett/dev/client-projects/theboisegunclub/public/images/Grid"
2025-08-05T23:14:34.261366Z  INFO scan_sources: tailwindcss_oxide::scanner: Discovering "/home/sduskett/dev/client-projects/theboisegunclub/public/images/Fractal"
2025-08-05T23:14:34.261447Z  INFO scan_sources: tailwindcss_oxide::scanner: Discovering "/home/sduskett/dev/client-projects/theboisegunclub/public/vercel.svg"
2025-08-05T23:14:34.261473Z  INFO scan_sources: tailwindcss_oxide::scanner: Discovering "/home/sduskett/dev/client-projects/theboisegunclub/public/file.svg"
2025-08-05T23:14:34.261481Z  INFO scan_sources: tailwindcss_oxide::scanner: Discovering "/home/sduskett/dev/client-projects/theboisegunclub/public/next.svg"
2025-08-05T23:14:34.261536Z  INFO scan_sources: tailwindcss_oxide::scanner: exit
2025-08-05T23:14:34.261561Z  INFO extract_candidates: tailwindcss_oxide::scanner: enter
2025-08-05T23:14:34.261617Z  INFO extract_candidates:read_all_files: tailwindcss_oxide::scanner: enter
2025-08-05T23:14:34.261631Z  INFO extract_candidates:read_all_files: tailwindcss_oxide::scanner: Reading 236 file(s)
2025-08-05T23:14:34.262917Z  INFO tailwindcss_oxide::scanner: Reading "/home/sduskett/dev/client-projects/theboisegunclub/src/components/ui/checkbox.tsx"
2025-08-05T23:14:34.262973Z  INFO tailwindcss_oxide::scanner: Reading "/home/sduskett/dev/client-projects/theboisegunclub/src/components/ui/directory-card.tsx"
2025-08-05T23:14:34.262920Z  INFO tailwindcss_oxide::scanner: Reading "/home/sduskett/dev/client-projects/theboisegunclub/.idea/inspectionProfiles/Project_Default.xml"
2025-08-05T23:14:34.262995Z  INFO tailwindcss_oxide::scanner: Reading "/home/sduskett/dev/client-projects/theboisegunclub/src/stories/Components/Atoms/RadioGroup.stories.tsx"
2025-08-05T23:14:34.263001Z  INFO tailwindcss_oxide::scanner: Reading "/home/sduskett/dev/client-projects/theboisegunclub/src/components/ui/hover-card.tsx"
2025-08-05T23:14:34.262917Z  INFO tailwindcss_oxide::scanner: Reading "/home/sduskett/dev/client-projects/theboisegunclub/src/components/ui/LoadingSpinner.tsx"
2025-08-05T23:14:34.263011Z  INFO tailwindcss_oxide::scanner: Reading "/home/sduskett/dev/client-projects/theboisegunclub/src/components/ui/VendorCard.tsx"
2025-08-05T23:14:34.262918Z  INFO tailwindcss_oxide::scanner: Reading "/home/sduskett/dev/client-projects/theboisegunclub/src/components/ui/dialog.tsx"
2025-08-05T23:14:34.263029Z  INFO tailwindcss_oxide::scanner: Reading "/home/sduskett/dev/client-projects/theboisegunclub/src/app/guides/page.tsx"
2025-08-05T23:14:34.262926Z  INFO tailwindcss_oxide::scanner: Reading "/home/sduskett/dev/client-projects/theboisegunclub/src/components/ui/blog-article.tsx"
2025-08-05T23:14:34.263048Z  INFO tailwindcss_oxide::scanner: Reading "/home/sduskett/dev/client-projects/theboisegunclub/src/stories/Components/Atoms/ToggleGroup.stories.tsx"
2025-08-05T23:14:34.263058Z  INFO tailwindcss_oxide::scanner: Reading "/home/sduskett/dev/client-projects/theboisegunclub/scripts/sync-design-docs.js"
2025-08-05T23:14:34.262945Z  INFO tailwindcss_oxide::scanner: Reading "/home/sduskett/dev/client-projects/theboisegunclub/src/components/ui/AccessibilityFAB.tsx"
2025-08-05T23:14:34.263099Z  INFO tailwindcss_oxide::scanner: Reading "/home/sduskett/dev/client-projects/theboisegunclub/postcss.config.mjs"
2025-08-05T23:14:34.262944Z  INFO tailwindcss_oxide::scanner: Reading "/home/sduskett/dev/client-projects/theboisegunclub/src/components/ui/site-navigation.tsx"
2025-08-05T23:14:34.263111Z  INFO tailwindcss_oxide::scanner: Reading "/home/sduskett/dev/client-projects/theboisegunclub/src/components/ui/navigation-fusion.tsx"
2025-08-05T23:14:34.263115Z  INFO tailwindcss_oxide::scanner: Reading "/home/sduskett/dev/client-projects/theboisegunclub/utils.ts"
2025-08-05T23:14:34.262965Z  INFO tailwindcss_oxide::scanner: Reading "/home/sduskett/dev/client-projects/theboisegunclub/src/stories/Components/Molecules/Contact-Form.stories.tsx"
2025-08-05T23:14:34.263134Z  INFO tailwindcss_oxide::scanner: Reading "/home/sduskett/dev/client-projects/theboisegunclub/next.config.ts"
2025-08-05T23:14:34.263134Z  INFO tailwindcss_oxide::scanner: Reading "/home/sduskett/dev/client-projects/theboisegunclub/src/app/marketplace/page.tsx"
2025-08-05T23:14:34.263146Z  INFO tailwindcss_oxide::scanner: Reading "/home/sduskett/dev/client-projects/theboisegunclub/.cursorindexingignore"
2025-08-05T23:14:34.263167Z  INFO tailwindcss_oxide::scanner: Reading "/home/sduskett/dev/client-projects/theboisegunclub/src/components/ui/enhanced-card.tsx"
2025-08-05T23:14:34.263171Z  INFO tailwindcss_oxide::scanner: Reading "/home/sduskett/dev/client-projects/theboisegunclub/src/app/training/page-simple.tsx"
2025-08-05T23:14:34.263054Z  INFO tailwindcss_oxide::scanner: Reading "/home/sduskett/dev/client-projects/theboisegunclub/src/components/ui/theme-provider.tsx"
2025-08-05T23:14:34.263009Z  INFO tailwindcss_oxide::scanner: Reading "/home/sduskett/dev/client-projects/theboisegunclub/src/stories/Components/Atoms/Badge-Enhanced.stories.tsx"
2025-08-05T23:14:34.263056Z  INFO tailwindcss_oxide::scanner: Reading "/home/sduskett/dev/client-projects/theboisegunclub/src/components/ui/sonner.tsx"
2025-08-05T23:14:34.263078Z  INFO tailwindcss_oxide::scanner: Reading "/home/sduskett/dev/client-projects/theboisegunclub/src/app/directory/page.tsx"
2025-08-05T23:14:34.263456Z  INFO tailwindcss_oxide::scanner: Reading "/home/sduskett/dev/client-projects/theboisegunclub/src/components/ui/feature-grid.tsx"
2025-08-05T23:14:34.263473Z  INFO tailwindcss_oxide::scanner: Reading "/home/sduskett/dev/client-projects/theboisegunclub/src/stories/Components/Atoms/Input.stories.tsx"
2025-08-05T23:14:34.263478Z  INFO tailwindcss_oxide::scanner: Reading "/home/sduskett/dev/client-projects/theboisegunclub/src/components/ui/sidebar.tsx"
2025-08-05T23:14:34.263083Z  INFO tailwindcss_oxide::scanner: Reading "/home/sduskett/dev/client-projects/theboisegunclub/src/stories/Components/Atoms/Separator.stories.tsx"
2025-08-05T23:14:34.262937Z  INFO tailwindcss_oxide::scanner: Reading "/home/sduskett/dev/client-projects/theboisegunclub/src/components/ui/gallery-showcase.tsx"
2025-08-05T23:14:34.263104Z  INFO tailwindcss_oxide::scanner: Reading "/home/sduskett/dev/client-projects/theboisegunclub/src/stories/Components/Atoms/Label.stories.tsx"
2025-08-05T23:14:34.263104Z  INFO tailwindcss_oxide::scanner: Reading "/home/sduskett/dev/client-projects/theboisegunclub/src/lib/utils.ts"
2025-08-05T23:14:34.263115Z  INFO tailwindcss_oxide::scanner: Reading "/home/sduskett/dev/client-projects/theboisegunclub/vitest.shims.d.ts"
2025-08-05T23:14:34.263128Z  INFO tailwindcss_oxide::scanner: Reading "/home/sduskett/dev/client-projects/theboisegunclub/src/app/map/page.tsx"
2025-08-05T23:14:34.263861Z  INFO tailwindcss_oxide::scanner: Reading "/home/sduskett/dev/client-projects/theboisegunclub/tsconfig.json"
2025-08-05T23:14:34.263009Z  INFO tailwindcss_oxide::scanner: Reading "/home/sduskett/dev/client-projects/theboisegunclub/src/components/ui/radio-group.tsx"
2025-08-05T23:14:34.263888Z  INFO tailwindcss_oxide::scanner: Reading "/home/sduskett/dev/client-projects/theboisegunclub/src/stories/Components/Atoms/Card.stories.tsx"
2025-08-05T23:14:34.263145Z  INFO tailwindcss_oxide::scanner: Reading "/home/sduskett/dev/client-projects/theboisegunclub/src/stories/Foundation/NewThemeToggle.stories.tsx"
2025-08-05T23:14:34.263914Z  INFO tailwindcss_oxide::scanner: Reading "/home/sduskett/dev/client-projects/theboisegunclub/src/stories/Components/Atoms/Progress.stories.tsx"
2025-08-05T23:14:34.263925Z  INFO tailwindcss_oxide::scanner: Reading "/home/sduskett/dev/client-projects/theboisegunclub/src/components/ui/dropdown-menu.tsx"
2025-08-05T23:14:34.263923Z  INFO tailwindcss_oxide::scanner: Reading "/home/sduskett/dev/client-projects/theboisegunclub/src/components/ui/stripe-style-nav.tsx"
2025-08-05T23:14:34.263935Z  INFO tailwindcss_oxide::scanner: Reading "/home/sduskett/dev/client-projects/theboisegunclub/src/components/ui/site-footer.tsx"
2025-08-05T23:14:34.263148Z  INFO tailwindcss_oxide::scanner: Reading "/home/sduskett/dev/client-projects/theboisegunclub/scripts/generate-ammo-list.js"
2025-08-05T23:14:34.263959Z  INFO tailwindcss_oxide::scanner: Reading "/home/sduskett/dev/client-projects/theboisegunclub/src/components/ui/StatCard.tsx"
2025-08-05T23:14:34.263963Z  INFO tailwindcss_oxide::scanner: Reading "/home/sduskett/dev/client-projects/theboisegunclub/src/components/ui/pricing-table.tsx"
2025-08-05T23:14:34.263964Z  INFO tailwindcss_oxide::scanner: Reading "/home/sduskett/dev/client-projects/theboisegunclub/src/stories/Foundation/ThemeSystem.stories.tsx"
2025-08-05T23:14:34.263058Z  INFO tailwindcss_oxide::scanner: Reading "/home/sduskett/dev/client-projects/theboisegunclub/src/components/ui/page-hero.tsx"
2025-08-05T23:14:34.264051Z  INFO tailwindcss_oxide::scanner: Reading "/home/sduskett/dev/client-projects/theboisegunclub/src/stories/Foundation/DesignTokens.stories.tsx"
2025-08-05T23:14:34.263159Z  INFO tailwindcss_oxide::scanner: Reading "/home/sduskett/dev/client-projects/theboisegunclub/src/stories/Components/Molecules/Collapsible.stories.tsx"
2025-08-05T23:14:34.263050Z  INFO tailwindcss_oxide::scanner: Reading "/home/sduskett/dev/client-projects/theboisegunclub/src/components/ui/enhanced-button.tsx"
2025-08-05T23:14:34.263183Z  INFO tailwindcss_oxide::scanner: Reading "/home/sduskett/dev/client-projects/theboisegunclub/src/app/training/page.tsx"
2025-08-05T23:14:34.264170Z  INFO tailwindcss_oxide::scanner: Reading "/home/sduskett/dev/client-projects/theboisegunclub/src/components/ui/slider.tsx"
2025-08-05T23:14:34.263184Z  INFO tailwindcss_oxide::scanner: Reading "/home/sduskett/dev/client-projects/theboisegunclub/.idea/theboisegunclub.iml"
2025-08-05T23:14:34.263194Z  INFO tailwindcss_oxide::scanner: Reading "/home/sduskett/dev/client-projects/theboisegunclub/src/components/ui/label.tsx"
2025-08-05T23:14:34.263062Z  INFO tailwindcss_oxide::scanner: Reading "/home/sduskett/dev/client-projects/theboisegunclub/src/components/ui/breadcrumb.tsx"
2025-08-05T23:14:34.263363Z  INFO tailwindcss_oxide::scanner: Reading "/home/sduskett/dev/client-projects/theboisegunclub/src/components/ui/mica-glass-demo.tsx"
2025-08-05T23:14:34.264287Z  INFO tailwindcss_oxide::scanner: Reading "/home/sduskett/dev/client-projects/theboisegunclub/src/components/ui/alert-dialog.tsx"
2025-08-05T23:14:34.264307Z  INFO tailwindcss_oxide::scanner: Reading "/home/sduskett/dev/client-projects/theboisegunclub/src/components/ui/drawer.tsx"
2025-08-05T23:14:34.264309Z  INFO tailwindcss_oxide::scanner: Reading "/home/sduskett/dev/client-projects/theboisegunclub/src/components/ui/stats-showcase.tsx"
2025-08-05T23:14:34.263489Z  INFO tailwindcss_oxide::scanner: Reading "/home/sduskett/dev/client-projects/theboisegunclub/src/app/api/altcha/challenge/route.ts"
2025-08-05T23:14:34.264380Z  INFO tailwindcss_oxide::scanner: Reading "/home/sduskett/dev/client-projects/theboisegunclub/src/app/api/contact/route.ts"
2025-08-05T23:14:34.263567Z  INFO tailwindcss_oxide::scanner: Reading "/home/sduskett/dev/client-projects/theboisegunclub/src/stories/Components/Atoms/Slider.stories.tsx"
2025-08-05T23:14:34.263653Z  INFO tailwindcss_oxide::scanner: Reading "/home/sduskett/dev/client-projects/theboisegunclub/src/components/ui/resizable.tsx"
2025-08-05T23:14:34.263721Z  INFO tailwindcss_oxide::scanner: Reading "/home/sduskett/dev/client-projects/theboisegunclub/src/stories/Components/Atoms/Skeleton.stories.tsx"
2025-08-05T23:14:34.263821Z  INFO tailwindcss_oxide::scanner: Reading "/home/sduskett/dev/client-projects/theboisegunclub/src/lib/label.tsx"
2025-08-05T23:14:34.264517Z  INFO tailwindcss_oxide::scanner: Reading "/home/sduskett/dev/client-projects/theboisegunclub/src/stories/Components/Atoms/Sonner.stories.tsx"
2025-08-05T23:14:34.264527Z  INFO tailwindcss_oxide::scanner: Reading "/home/sduskett/dev/client-projects/theboisegunclub/src/stories/Components/Atoms/InputOTP.stories.tsx"
2025-08-05T23:14:34.263979Z  INFO tailwindcss_oxide::scanner: Reading "/home/sduskett/dev/client-projects/theboisegunclub/src/components/ui/EventCard.tsx"
2025-08-05T23:14:34.263980Z  INFO tailwindcss_oxide::scanner: Reading "/home/sduskett/dev/client-projects/theboisegunclub/src/components/ui/enhanced-input.tsx"
2025-08-05T23:14:34.263151Z  INFO tailwindcss_oxide::scanner: Reading "/home/sduskett/dev/client-projects/theboisegunclub/src/components/ui/toggle.tsx"
2025-08-05T23:14:34.264020Z  INFO tailwindcss_oxide::scanner: Reading "/home/sduskett/dev/client-projects/theboisegunclub/scripts/validate-stories.js"
2025-08-05T23:14:34.264664Z  INFO tailwindcss_oxide::scanner: Reading "/home/sduskett/dev/client-projects/theboisegunclub/src/components/ui/event-ticker.tsx"
2025-08-05T23:14:34.264679Z  INFO tailwindcss_oxide::scanner: Reading "/home/sduskett/dev/client-projects/theboisegunclub/src/components/ui/context-menu.tsx"
2025-08-05T23:14:34.264686Z  INFO tailwindcss_oxide::scanner: Reading "/home/sduskett/dev/client-projects/theboisegunclub/scripts/quick-fix.js"
2025-08-05T23:14:34.264066Z  INFO tailwindcss_oxide::scanner: Reading "/home/sduskett/dev/client-projects/theboisegunclub/src/components/ui/mega-hero.tsx"
2025-08-05T23:14:34.264141Z  INFO tailwindcss_oxide::scanner: Reading "/home/sduskett/dev/client-projects/theboisegunclub/src/stories/Components/Molecules/AlertDialog.stories.tsx"
2025-08-05T23:14:34.264187Z  INFO tailwindcss_oxide::scanner: Reading "/home/sduskett/dev/client-projects/theboisegunclub/src/components/ui/testimonial-carousel.tsx"
2025-08-05T23:14:34.264779Z  INFO tailwindcss_oxide::scanner: Reading "/home/sduskett/dev/client-projects/theboisegunclub/src/stories/Components/Molecules/Popover.stories.tsx"
2025-08-05T23:14:34.264202Z  INFO tailwindcss_oxide::scanner: Reading "/home/sduskett/dev/client-projects/theboisegunclub/src/app/layout.tsx"
2025-08-05T23:14:34.264801Z  INFO tailwindcss_oxide::scanner: Reading "/home/sduskett/dev/client-projects/theboisegunclub/src/components/ui/select.tsx"
2025-08-05T23:14:34.264802Z  INFO tailwindcss_oxide::scanner: Reading "/home/sduskett/dev/client-projects/theboisegunclub/src/stories/Components/Molecules/ContextMenu.stories.tsx"
2025-08-05T23:14:34.264814Z  INFO tailwindcss_oxide::scanner: Reading "/home/sduskett/dev/client-projects/theboisegunclub/src/components/ui/button.tsx"
2025-08-05T23:14:34.264817Z  INFO tailwindcss_oxide::scanner: Reading "/home/sduskett/dev/client-projects/theboisegunclub/src/stories/Components/Molecules/Breadcrumb.stories.tsx"
2025-08-05T23:14:34.264824Z  INFO tailwindcss_oxide::scanner: Reading "/home/sduskett/dev/client-projects/theboisegunclub/src/components/ui/card.tsx"
2025-08-05T23:14:34.264826Z  INFO tailwindcss_oxide::scanner: Reading "/home/sduskett/dev/client-projects/theboisegunclub/src/stories/Components/Molecules/Pagination.stories.tsx"
2025-08-05T23:14:34.264830Z  INFO tailwindcss_oxide::scanner: Reading "/home/sduskett/dev/client-projects/theboisegunclub/src/components/ui/scroll-area.tsx"
2025-08-05T23:14:34.264226Z  INFO tailwindcss_oxide::scanner: Reading "/home/sduskett/dev/client-projects/theboisegunclub/.idea/misc.xml"
2025-08-05T23:14:34.264314Z  INFO tailwindcss_oxide::scanner: Reading "/home/sduskett/dev/client-projects/theboisegunclub/src/components/ui/input-otp.tsx"
2025-08-05T23:14:34.264336Z  INFO tailwindcss_oxide::scanner: Reading "/home/sduskett/dev/client-projects/theboisegunclub/src/components/ui/index.ts"
2025-08-05T23:14:34.264964Z  INFO tailwindcss_oxide::scanner: Reading "/home/sduskett/dev/client-projects/theboisegunclub/src/stories/Patterns/FloatingBackground.stories.tsx"
2025-08-05T23:14:34.264979Z  INFO tailwindcss_oxide::scanner: Reading "/home/sduskett/dev/client-projects/theboisegunclub/src/components/ui/form.tsx"
2025-08-05T23:14:34.264982Z  INFO tailwindcss_oxide::scanner: Reading "/home/sduskett/dev/client-projects/theboisegunclub/src/stories/Patterns/AnimatedSplashCard.stories.tsx"
2025-08-05T23:14:34.263498Z  INFO tailwindcss_oxide::scanner: Reading "/home/sduskett/dev/client-projects/theboisegunclub/src/components/ui/navigation-menu.tsx"
2025-08-05T23:14:34.263561Z  INFO tailwindcss_oxide::scanner: Reading "/home/sduskett/dev/client-projects/theboisegunclub/src/stories/Components/Atoms/Button.stories.tsx"
2025-08-05T23:14:34.264426Z  INFO tailwindcss_oxide::scanner: Reading "/home/sduskett/dev/client-projects/theboisegunclub/src/stories/Components/Molecules/Form.stories.tsx"
2025-08-05T23:14:34.264446Z  INFO tailwindcss_oxide::scanner: Reading "/home/sduskett/dev/client-projects/theboisegunclub/src/stories/Components/Atoms/Checkbox.stories.tsx"
2025-08-05T23:14:34.265182Z  INFO tailwindcss_oxide::scanner: Reading "/home/sduskett/dev/client-projects/theboisegunclub/src/stories/Components/Molecules/Tabs.stories.tsx"
2025-08-05T23:14:34.265207Z  INFO tailwindcss_oxide::scanner: Reading "/home/sduskett/dev/client-projects/theboisegunclub/src/stories/Components/Molecules/Drawer.stories.tsx"
2025-08-05T23:14:34.263879Z  INFO tailwindcss_oxide::scanner: Reading "/home/sduskett/dev/client-projects/theboisegunclub/package.json"
2025-08-05T23:14:34.264534Z  INFO tailwindcss_oxide::scanner: Reading "/home/sduskett/dev/client-projects/theboisegunclub/src/hooks/use-mobile.ts"
2025-08-05T23:14:34.265377Z  INFO tailwindcss_oxide::scanner: Reading "/home/sduskett/dev/client-projects/theboisegunclub/.specstory.config.json"
2025-08-05T23:14:34.264561Z  INFO tailwindcss_oxide::scanner: Reading "/home/sduskett/dev/client-projects/theboisegunclub/src/docs/Design-System.mdx"
2025-08-05T23:14:34.265417Z  INFO tailwindcss_oxide::scanner: Reading "/home/sduskett/dev/client-projects/theboisegunclub/eslint.config.mjs"
2025-08-05T23:14:34.265422Z  INFO tailwindcss_oxide::scanner: Reading "/home/sduskett/dev/client-projects/theboisegunclub/src/stories/Business/Pricing-Table.stories.tsx"
2025-08-05T23:14:34.264604Z  INFO tailwindcss_oxide::scanner: Reading "/home/sduskett/dev/client-projects/theboisegunclub/src/components/ui/sheet.tsx"
2025-08-05T23:14:34.265451Z  INFO tailwindcss_oxide::scanner: Reading "/home/sduskett/dev/client-projects/theboisegunclub/src/stories/Business/TestimonialCarousel.stories.tsx"
2025-08-05T23:14:34.263036Z  INFO tailwindcss_oxide::scanner: Reading "/home/sduskett/dev/client-projects/theboisegunclub/src/components/ui/glassmorphism-examples.tsx"
2025-08-05T23:14:34.265548Z  INFO tailwindcss_oxide::scanner: Reading "/home/sduskett/dev/client-projects/theboisegunclub/src/stories/Business/VendorCard.stories.tsx"
2025-08-05T23:14:34.264708Z  INFO tailwindcss_oxide::scanner: Reading "/home/sduskett/dev/client-projects/theboisegunclub/scripts/health-check.js"
2025-08-05T23:14:34.265620Z  INFO tailwindcss_oxide::scanner: Reading "/home/sduskett/dev/client-projects/theboisegunclub/src/stories/Business/BusinessContext.stories.tsx"
2025-08-05T23:14:34.264737Z  INFO tailwindcss_oxide::scanner: Reading "/home/sduskett/dev/client-projects/theboisegunclub/src/components/ui/separator.tsx"
2025-08-05T23:14:34.264118Z  INFO tailwindcss_oxide::scanner: Reading "/home/sduskett/dev/client-projects/theboisegunclub/src/stories/Foundation/IconShowcase.stories.tsx"
2025-08-05T23:14:34.264830Z  INFO tailwindcss_oxide::scanner: Reading "/home/sduskett/dev/client-projects/theboisegunclub/src/app/page.tsx"
2025-08-05T23:14:34.265787Z  INFO tailwindcss_oxide::scanner: Reading "/home/sduskett/dev/client-projects/theboisegunclub/src/stories/Foundation/DarkMode-Test.stories.tsx"
2025-08-05T23:14:34.265795Z  INFO tailwindcss_oxide::scanner: Reading "/home/sduskett/dev/client-projects/theboisegunclub/src/stories/Foundation/ColorPalette.stories.tsx"
2025-08-05T23:14:34.264833Z  INFO tailwindcss_oxide::scanner: Reading "/home/sduskett/dev/client-projects/theboisegunclub/src/stories/Components/Molecules/StatCard.stories.tsx"
2025-08-05T23:14:34.265819Z  INFO tailwindcss_oxide::scanner: Reading "/home/sduskett/dev/client-projects/theboisegunclub/src/stories/Foundation/ShadowSystem.stories.tsx"
2025-08-05T23:14:34.265821Z  INFO tailwindcss_oxide::scanner: Reading "/home/sduskett/dev/client-projects/theboisegunclub/src/stories/Components/Molecules/Dialog.stories.tsx"
2025-08-05T23:14:34.264852Z  INFO tailwindcss_oxide::scanner: Reading "/home/sduskett/dev/client-projects/theboisegunclub/src/components/ui/switch.tsx"
2025-08-05T23:14:34.265839Z  INFO tailwindcss_oxide::scanner: Reading "/home/sduskett/dev/client-projects/theboisegunclub/src/stories/Components/Organisms/SiteNavigation.stories.tsx"
2025-08-05T23:14:34.265846Z  INFO tailwindcss_oxide::scanner: Reading "/home/sduskett/dev/client-projects/theboisegunclub/src/stories/Components/Organisms/FacilityCard.stories.tsx"
2025-08-05T23:14:34.265854Z  INFO tailwindcss_oxide::scanner: Reading "/home/sduskett/dev/client-projects/theboisegunclub/src/app/events/page.tsx"
2025-08-05T23:14:34.265856Z  INFO tailwindcss_oxide::scanner: Reading "/home/sduskett/dev/client-projects/theboisegunclub/src/stories/Components/Organisms/Mega-Hero.stories.tsx"
2025-08-05T23:14:34.264254Z  INFO tailwindcss_oxide::scanner: Reading "/home/sduskett/dev/client-projects/theboisegunclub/src/stories/Components/Organisms/Site-Footer.stories.tsx"
2025-08-05T23:14:34.265869Z  INFO tailwindcss_oxide::scanner: Reading "/home/sduskett/dev/client-projects/theboisegunclub/src/stories/Components/Organisms/Sidebar.stories.tsx"
2025-08-05T23:14:34.265879Z  INFO tailwindcss_oxide::scanner: Reading "/home/sduskett/dev/client-projects/theboisegunclub/src/app/components-demo/page.tsx"
2025-08-05T23:14:34.265879Z  INFO tailwindcss_oxide::scanner: Reading "/home/sduskett/dev/client-projects/theboisegunclub/src/stories/Components/Organisms/Page-Hero.stories.tsx"
2025-08-05T23:14:34.265879Z  INFO tailwindcss_oxide::scanner: Reading "/home/sduskett/dev/client-projects/theboisegunclub/src/components/ui/callout-card.tsx"
2025-08-05T23:14:34.265885Z  INFO tailwindcss_oxide::scanner: Reading "/home/sduskett/dev/client-projects/theboisegunclub/src/stories/Components/Organisms/FeatureGrid.stories.tsx"
2025-08-05T23:14:34.265889Z  INFO tailwindcss_oxide::scanner: Reading "/home/sduskett/dev/client-projects/theboisegunclub/src/stories/Components/Atoms/Alert.stories.tsx"
2025-08-05T23:14:34.265890Z  INFO tailwindcss_oxide::scanner: Reading "/home/sduskett/dev/client-projects/theboisegunclub/src/stories/Components/Atoms/Switch.stories.tsx"
2025-08-05T23:14:34.265895Z  INFO tailwindcss_oxide::scanner: Reading "/home/sduskett/dev/client-projects/theboisegunclub/src/stories/Components/Organisms/Calendar.stories.tsx"
2025-08-05T23:14:34.264930Z  INFO tailwindcss_oxide::scanner: Reading "/home/sduskett/dev/client-projects/theboisegunclub/.idea/vcs.xml"
2025-08-05T23:14:34.265907Z  INFO tailwindcss_oxide::scanner: Reading "/home/sduskett/dev/client-projects/theboisegunclub/src/components/ui/progress.tsx"
2025-08-05T23:14:34.265918Z  INFO tailwindcss_oxide::scanner: Reading "/home/sduskett/dev/client-projects/theboisegunclub/src/stories/Pages/LandingPage.stories.tsx"
2025-08-05T23:14:34.264993Z  INFO tailwindcss_oxide::scanner: Reading "/home/sduskett/dev/client-projects/theboisegunclub/src/stories/Patterns/MicaGlassSystem.stories.tsx"
2025-08-05T23:14:34.265940Z  INFO tailwindcss_oxide::scanner: Reading "/home/sduskett/dev/client-projects/theboisegunclub/src/components/ui/brand-carousel.tsx"
2025-08-05T23:14:34.265053Z  INFO tailwindcss_oxide::scanner: Reading "/home/sduskett/dev/client-projects/theboisegunclub/src/components/ui/tooltip.tsx"
2025-08-05T23:14:34.265111Z  INFO tailwindcss_oxide::scanner: Reading "/home/sduskett/dev/client-projects/theboisegunclub/src/stories/Components/Atoms/SectionDivider.stories.tsx"
2025-08-05T23:14:34.265211Z  INFO tailwindcss_oxide::scanner: Reading "/home/sduskett/dev/client-projects/theboisegunclub/src/stories/Components/Atoms/Avatar.stories.tsx"
2025-08-05T23:14:34.266084Z  INFO tailwindcss_oxide::scanner: Reading "/home/sduskett/dev/client-projects/theboisegunclub/src/stories/Components/Atoms/Tooltip.stories.tsx"
2025-08-05T23:14:34.266104Z  INFO tailwindcss_oxide::scanner: Reading "/home/sduskett/dev/client-projects/theboisegunclub/src/stories/Components/Atoms/AccessibilityFAB.stories.tsx"
2025-08-05T23:14:34.264483Z  INFO tailwindcss_oxide::scanner: Reading "/home/sduskett/dev/client-projects/theboisegunclub/src/components/ui/FacilityCard.tsx"
2025-08-05T23:14:34.265296Z  INFO tailwindcss_oxide::scanner: Reading "/home/sduskett/dev/client-projects/theboisegunclub/src/stories/Components/Molecules/NavigationMenu.stories.tsx"
2025-08-05T23:14:34.265439Z  INFO tailwindcss_oxide::scanner: Reading "/home/sduskett/dev/client-projects/theboisegunclub/src/docs/Business-Context.mdx"
2025-08-05T23:14:34.265448Z  INFO tailwindcss_oxide::scanner: Reading "/home/sduskett/dev/client-projects/theboisegunclub/src/docs/Code-Guidelines.mdx"
2025-08-05T23:14:34.264625Z  INFO tailwindcss_oxide::scanner: Reading "/home/sduskett/dev/client-projects/theboisegunclub/src/components/ui/badge.tsx"
2025-08-05T23:14:34.265474Z  INFO tailwindcss_oxide::scanner: Reading "/home/sduskett/dev/client-projects/theboisegunclub/src/components/ui/_component-pattern.tsx"
2025-08-05T23:14:34.266287Z  INFO tailwindcss_oxide::scanner: Reading "/home/sduskett/dev/client-projects/theboisegunclub/src/stories/Foundation/ThemeProvider.stories.tsx"
2025-08-05T23:14:34.266300Z  INFO tailwindcss_oxide::scanner: Reading "/home/sduskett/dev/client-projects/theboisegunclub/src/stories/Pages/StatsShowcase.stories.tsx"
2025-08-05T23:14:34.266306Z  INFO tailwindcss_oxide::scanner: Reading "/home/sduskett/dev/client-projects/theboisegunclub/src/components/ui/sticky-search-menu.tsx"
2025-08-05T23:14:34.264708Z  INFO tailwindcss_oxide::scanner: Reading "/home/sduskett/dev/client-projects/theboisegunclub/src/components/ui/command.tsx"
2025-08-05T23:14:34.266373Z  INFO tailwindcss_oxide::scanner: Reading "/home/sduskett/dev/client-projects/theboisegunclub/src/components/ui/NewThemeToggle.tsx"
2025-08-05T23:14:34.266406Z  INFO tailwindcss_oxide::scanner: Reading "/home/sduskett/dev/client-projects/theboisegunclub/src/components/ui/textarea.tsx"
2025-08-05T23:14:34.266444Z  INFO tailwindcss_oxide::scanner: Reading "/home/sduskett/dev/client-projects/theboisegunclub/src/stories/Components/Atoms/ProductShowcaseCard.stories.tsx"
2025-08-05T23:14:34.266476Z  INFO tailwindcss_oxide::scanner: Reading "/home/sduskett/dev/client-projects/theboisegunclub/src/components/marketing/service-grid.tsx"
2025-08-05T23:14:34.266519Z  INFO tailwindcss_oxide::scanner: Reading "/home/sduskett/dev/client-projects/theboisegunclub/src/components/marketing/cta-section.tsx"
2025-08-05T23:14:34.266549Z  INFO tailwindcss_oxide::scanner: Reading "/home/sduskett/dev/client-projects/theboisegunclub/src/components/ui/avatar.tsx"
2025-08-05T23:14:34.265897Z  INFO tailwindcss_oxide::scanner: Reading "/home/sduskett/dev/client-projects/theboisegunclub/src/stories/Components/Atoms/Textarea.stories.tsx"
2025-08-05T23:14:34.265933Z  INFO tailwindcss_oxide::scanner: Reading "/home/sduskett/dev/client-projects/theboisegunclub/src/stories/Pages/GalleryShowcase.stories.tsx"
2025-08-05T23:14:34.266629Z  INFO tailwindcss_oxide::scanner: Reading "/home/sduskett/dev/client-projects/theboisegunclub/src/components/ui/UnsplashImage.tsx"
2025-08-05T23:14:34.265942Z  INFO tailwindcss_oxide::scanner: Reading "/home/sduskett/dev/client-projects/theboisegunclub/.idea/modules.xml"
2025-08-05T23:14:34.266655Z  INFO tailwindcss_oxide::scanner: Reading "/home/sduskett/dev/client-projects/theboisegunclub/src/components/ui/alert.tsx"
2025-08-05T23:14:34.264995Z  INFO tailwindcss_oxide::scanner: Reading "/home/sduskett/dev/client-projects/theboisegunclub/src/components/ui/carousel.tsx"
2025-08-05T23:14:34.266692Z  INFO tailwindcss_oxide::scanner: Reading "/home/sduskett/dev/client-projects/theboisegunclub/src/components/ui/faq-accordion.tsx"
2025-08-05T23:14:34.266716Z  INFO tailwindcss_oxide::scanner: Reading "/home/sduskett/dev/client-projects/theboisegunclub/src/components/ui/table.tsx"
2025-08-05T23:14:34.266042Z  INFO tailwindcss_oxide::scanner: Reading "/home/sduskett/dev/client-projects/theboisegunclub/src/stories/Components/Atoms/ScrollArea.stories.tsx"
2025-08-05T23:14:34.266730Z  INFO tailwindcss_oxide::scanner: Reading "/home/sduskett/dev/client-projects/theboisegunclub/src/components/marketing/hero-section.tsx"
2025-08-05T23:14:34.266737Z  INFO tailwindcss_oxide::scanner: Reading "/home/sduskett/dev/client-projects/theboisegunclub/src/components/ui/icon-showcase.tsx"
2025-08-05T23:14:34.266106Z  INFO tailwindcss_oxide::scanner: Reading "/home/sduskett/dev/client-projects/theboisegunclub/src/components/ui/altcha-widget.tsx"
2025-08-05T23:14:34.266111Z  INFO tailwindcss_oxide::scanner: Reading "/home/sduskett/dev/client-projects/theboisegunclub/src/stories/Components/Atoms/AspectRatio.stories.tsx"
2025-08-05T23:14:34.266196Z  INFO tailwindcss_oxide::scanner: Reading "/home/sduskett/dev/client-projects/theboisegunclub/src/stories/Components/Molecules/FAQAccordion.stories.tsx"
2025-08-05T23:14:34.265960Z  INFO tailwindcss_oxide::scanner: Reading "/home/sduskett/dev/client-projects/theboisegunclub/.storybook/main.ts"
2025-08-05T23:14:34.266883Z  INFO tailwindcss_oxide::scanner: Reading "/home/sduskett/dev/client-projects/theboisegunclub/src/stories/Components/Atoms/Select.stories.tsx"
2025-08-05T23:14:34.266908Z  INFO tailwindcss_oxide::scanner: Reading "/home/sduskett/dev/client-projects/theboisegunclub/src/components/ui/aspect-ratio.tsx"
2025-08-05T23:14:34.266255Z  INFO tailwindcss_oxide::scanner: Reading "/home/sduskett/dev/client-projects/theboisegunclub/src/stories/Foundation/TypographyScale.stories.tsx"
2025-08-05T23:14:34.266927Z  INFO tailwindcss_oxide::scanner: Reading "/home/sduskett/dev/client-projects/theboisegunclub/.storybook/vitest.setup.ts"
2025-08-05T23:14:34.266311Z  INFO tailwindcss_oxide::scanner: Reading "/home/sduskett/dev/client-projects/theboisegunclub/src/stories/Pages/Blog-Article.stories.tsx"
2025-08-05T23:14:34.266980Z  INFO tailwindcss_oxide::scanner: Reading "/home/sduskett/dev/client-projects/theboisegunclub/src/stories/assets/github.svg"
2025-08-05T23:14:34.266983Z  INFO tailwindcss_oxide::scanner: Reading "/home/sduskett/dev/client-projects/theboisegunclub/src/stories/Foundation/SpacingSystem.stories.tsx"
2025-08-05T23:14:34.266996Z  INFO tailwindcss_oxide::scanner: Reading "/home/sduskett/dev/client-projects/theboisegunclub/src/stories/Components/Molecules/Menubar.stories.tsx"
2025-08-05T23:14:34.267014Z  INFO tailwindcss_oxide::scanner: Reading "/home/sduskett/dev/client-projects/theboisegunclub/src/components/ui/product-showcase-card.tsx"
2025-08-05T23:14:34.267021Z  INFO tailwindcss_oxide::scanner: Reading "/home/sduskett/dev/client-projects/theboisegunclub/src/stories/Patterns/Breadcrumb-Hero.stories.tsx"
2025-08-05T23:14:34.267031Z  INFO tailwindcss_oxide::scanner: Reading "/home/sduskett/dev/client-projects/theboisegunclub/src/components/ui/collapsible.tsx"
2025-08-05T23:14:34.267031Z  INFO tailwindcss_oxide::scanner: Reading "/home/sduskett/dev/client-projects/theboisegunclub/public/globe.svg"
2025-08-05T23:14:34.266334Z  INFO tailwindcss_oxide::scanner: Reading "/home/sduskett/dev/client-projects/theboisegunclub/src/stories/Components/Atoms/LoadingSpinner.stories.tsx"
2025-08-05T23:14:34.265663Z  INFO tailwindcss_oxide::scanner: Reading "/home/sduskett/dev/client-projects/theboisegunclub/scripts/fix-storybook.js"
2025-08-05T23:14:34.265718Z  INFO tailwindcss_oxide::scanner: Reading "/home/sduskett/dev/client-projects/theboisegunclub/src/stories/Business/BrandCarousel.stories.tsx"
2025-08-05T23:14:34.265746Z  INFO tailwindcss_oxide::scanner: Reading "/home/sduskett/dev/client-projects/theboisegunclub/src/components/ui/section-divider.tsx"
2025-08-05T23:14:34.265835Z  INFO tailwindcss_oxide::scanner: Reading "/home/sduskett/dev/client-projects/theboisegunclub/vitest.config.ts"
2025-08-05T23:14:34.265896Z  INFO tailwindcss_oxide::scanner: Reading "/home/sduskett/dev/client-projects/theboisegunclub/src/stories/Components/Atoms/Resizable.stories.tsx"
2025-08-05T23:14:34.267466Z  INFO tailwindcss_oxide::scanner: Reading "/home/sduskett/dev/client-projects/theboisegunclub/src/stories/assets/youtube.svg"
2025-08-05T23:14:34.266567Z  INFO tailwindcss_oxide::scanner: Reading "/home/sduskett/dev/client-projects/theboisegunclub/src/components/ui/input.tsx"
2025-08-05T23:14:34.266656Z  INFO tailwindcss_oxide::scanner: Reading "/home/sduskett/dev/client-projects/theboisegunclub/src/components/ui/toggle-group.tsx"
2025-08-05T23:14:34.267520Z  INFO tailwindcss_oxide::scanner: Reading "/home/sduskett/dev/client-projects/theboisegunclub/public/next.svg"
2025-08-05T23:14:34.266676Z  INFO tailwindcss_oxide::scanner: Reading "/home/sduskett/dev/client-projects/theboisegunclub/src/stories/Components/Atoms/Toggle.stories.tsx"
2025-08-05T23:14:34.267530Z  INFO tailwindcss_oxide::scanner: Reading "/home/sduskett/dev/client-projects/theboisegunclub/public/window.svg"
2025-08-05T23:14:34.267532Z  INFO tailwindcss_oxide::scanner: Reading "/home/sduskett/dev/client-projects/theboisegunclub/src/components/ui/DirectoryCard.tsx"
2025-08-05T23:14:34.267544Z  INFO tailwindcss_oxide::scanner: Reading "/home/sduskett/dev/client-projects/theboisegunclub/src/components/theme-provider.tsx"
2025-08-05T23:14:34.267552Z  INFO tailwindcss_oxide::scanner: Reading "/home/sduskett/dev/client-projects/theboisegunclub/src/components/ui/breadcrumb-hero.tsx"
2025-08-05T23:14:34.266010Z  INFO tailwindcss_oxide::scanner: Reading "/home/sduskett/dev/client-projects/theboisegunclub/src/components/ui/tabs.tsx"
2025-08-05T23:14:34.266739Z  INFO tailwindcss_oxide::scanner: Reading "/home/sduskett/dev/client-projects/theboisegunclub/.storybook/preview.tsx"
2025-08-05T23:14:34.266750Z  INFO tailwindcss_oxide::scanner: Reading "/home/sduskett/dev/client-projects/theboisegunclub/src/stories/assets/accessibility.svg"
2025-08-05T23:14:34.266777Z  INFO tailwindcss_oxide::scanner: Reading "/home/sduskett/dev/client-projects/theboisegunclub/src/components/ui/calendar.tsx"
2025-08-05T23:14:34.266155Z  INFO tailwindcss_oxide::scanner: Reading "/home/sduskett/dev/client-projects/theboisegunclub/src/components/ui/AnimatedSplashCard.tsx"
2025-08-05T23:14:34.267876Z  INFO tailwindcss_oxide::scanner: Reading "/home/sduskett/dev/client-projects/theboisegunclub/src/stories/Components/Molecules/Command.stories.tsx"
2025-08-05T23:14:34.266814Z  INFO tailwindcss_oxide::scanner: Reading "/home/sduskett/dev/client-projects/theboisegunclub/src/stories/Patterns/ComponentCombinations.stories.tsx"
2025-08-05T23:14:34.267897Z  INFO tailwindcss_oxide::scanner: Reading "/home/sduskett/dev/client-projects/theboisegunclub/src/components/ui/pagination.tsx"
2025-08-05T23:14:34.266221Z  INFO tailwindcss_oxide::scanner: Reading "/home/sduskett/dev/client-projects/theboisegunclub/src/docs/AI-Enforcement.mdx"
2025-08-05T23:14:34.266852Z  INFO tailwindcss_oxide::scanner: Reading "/home/sduskett/dev/client-projects/theboisegunclub/src/stories/Components/Molecules/Chart.stories.tsx"
2025-08-05T23:14:34.267977Z  INFO tailwindcss_oxide::scanner: Reading "/home/sduskett/dev/client-projects/theboisegunclub/src/stories/Components/Molecules/DirectoryCard.stories.tsx"
2025-08-05T23:14:34.267986Z  INFO tailwindcss_oxide::scanner: Reading "/home/sduskett/dev/client-projects/theboisegunclub/src/stories/Components/Molecules/Accordion.stories.tsx"
2025-08-05T23:14:34.265559Z  INFO tailwindcss_oxide::scanner: Reading "/home/sduskett/dev/client-projects/theboisegunclub/src/stories/Foundation/ThemeTest.stories.tsx"
2025-08-05T23:14:34.267040Z  INFO tailwindcss_oxide::scanner: Reading "/home/sduskett/dev/client-projects/theboisegunclub/src/components/ui/skeleton.tsx"
2025-08-05T23:14:34.267051Z  INFO tailwindcss_oxide::scanner: Reading "/home/sduskett/dev/client-projects/theboisegunclub/src/components/ui/chart.tsx"
2025-08-05T23:14:34.267103Z  INFO tailwindcss_oxide::scanner: Reading "/home/sduskett/dev/client-projects/theboisegunclub/public/vercel.svg"
2025-08-05T23:14:34.267185Z  INFO tailwindcss_oxide::scanner: Reading "/home/sduskett/dev/client-projects/theboisegunclub/src/components/ui/accordion.tsx"
2025-08-05T23:14:34.267245Z  INFO tailwindcss_oxide::scanner: Reading "/home/sduskett/dev/client-projects/theboisegunclub/public/file.svg"
2025-08-05T23:14:34.267350Z  INFO tailwindcss_oxide::scanner: Reading "/home/sduskett/dev/client-projects/theboisegunclub/src/components/ui/menubar.tsx"
2025-08-05T23:14:34.267392Z  INFO tailwindcss_oxide::scanner: Reading "/home/sduskett/dev/client-projects/theboisegunclub/.storybook/tailwind.config.ts"
2025-08-05T23:14:34.267429Z  INFO tailwindcss_oxide::scanner: Reading "/home/sduskett/dev/client-projects/theboisegunclub/components.json"
2025-08-05T23:14:34.267484Z  INFO tailwindcss_oxide::scanner: Reading "/home/sduskett/dev/client-projects/theboisegunclub/src/stories/assets/discord.svg"
2025-08-05T23:14:34.267563Z  INFO tailwindcss_oxide::scanner: Reading "/home/sduskett/dev/client-projects/theboisegunclub/src/components/ui/popover.tsx"
2025-08-05T23:14:34.267564Z  INFO tailwindcss_oxide::scanner: Reading "/home/sduskett/dev/client-projects/theboisegunclub/src/components/ui/site-header.tsx"
2025-08-05T23:14:34.267586Z  INFO tailwindcss_oxide::scanner: Reading "/home/sduskett/dev/client-projects/theboisegunclub/src/stories/assets/tutorials.svg"
2025-08-05T23:14:34.267646Z  INFO tailwindcss_oxide::scanner: Reading "/home/sduskett/dev/client-projects/theboisegunclub/src/stories/Components/Molecules/Callout-Card.stories.tsx"
2025-08-05T23:14:34.267771Z  INFO tailwindcss_oxide::scanner: Reading "/home/sduskett/dev/client-projects/theboisegunclub/src/components/ui/contact-form.tsx"
2025-08-05T23:14:34.267903Z  INFO tailwindcss_oxide::scanner: Reading "/home/sduskett/dev/client-projects/theboisegunclub/src/stories/Components/Molecules/Carousel.stories.tsx"
2025-08-05T23:14:34.267922Z  INFO tailwindcss_oxide::scanner: Reading "/home/sduskett/dev/client-projects/theboisegunclub/src/stories/Components/Molecules/Sheet.stories.tsx"
2025-08-05T23:14:34.267965Z  INFO tailwindcss_oxide::scanner: Reading "/home/sduskett/dev/client-projects/theboisegunclub/src/stories/Components/Molecules/HoverCard.stories.tsx"
2025-08-05T23:14:34.266916Z  INFO tailwindcss_oxide::scanner: Reading "/home/sduskett/dev/client-projects/theboisegunclub/src/components/ui/floating-background.tsx"
2025-08-05T23:14:34.267998Z  INFO tailwindcss_oxide::scanner: Reading "/home/sduskett/dev/client-projects/theboisegunclub/src/stories/Components/Molecules/Table.stories.tsx"
2025-08-05T23:14:34.268022Z  INFO tailwindcss_oxide::scanner: Reading "/home/sduskett/dev/client-projects/theboisegunclub/src/stories/Components/Molecules/DropdownMenu.stories.tsx"
2025-08-05T23:14:34.288910Z  INFO tailwindcss_oxide::scanner: Reading "/home/sduskett/dev/client-projects/theboisegunclub/public/design-tokens.source.json"
2025-08-05T23:14:34.333342Z  INFO extract_candidates:read_all_files: tailwindcss_oxide::scanner: exit
2025-08-05T23:14:34.333450Z  INFO extract_candidates:parse_all_blobs: tailwindcss_oxide::scanner: enter
2025-08-05T23:14:34.333456Z  INFO extract_candidates:parse_all_blobs:extract: tailwindcss_oxide::scanner: enter
2025-08-05T23:14:34.398550Z  INFO extract_candidates:parse_all_blobs:extract: tailwindcss_oxide::scanner: exit
2025-08-05T23:14:34.399567Z  INFO extract_candidates:parse_all_blobs: tailwindcss_oxide::scanner: exit
2025-08-05T23:14:34.399615Z  INFO extract_candidates:read_all_files: tailwindcss_oxide::scanner: enter
2025-08-05T23:14:34.399628Z  INFO extract_candidates:read_all_files: tailwindcss_oxide::scanner: Reading 4 file(s)
2025-08-05T23:14:34.399719Z  INFO tailwindcss_oxide::scanner: Reading "/home/sduskett/dev/client-projects/theboisegunclub/src/app/globals-new.css"
2025-08-05T23:14:34.399771Z  INFO tailwindcss_oxide::scanner: Reading "/home/sduskett/dev/client-projects/theboisegunclub/src/app/globals.backup.css"
2025-08-05T23:14:34.399778Z  INFO tailwindcss_oxide::scanner: Reading "/home/sduskett/dev/client-projects/theboisegunclub/src/app/globals-backup.css"
2025-08-05T23:14:34.399915Z  INFO tailwindcss_oxide::scanner: Reading "/home/sduskett/dev/client-projects/theboisegunclub/src/app/globals.css"
2025-08-05T23:14:34.400145Z  INFO extract_candidates:read_all_files: tailwindcss_oxide::scanner: exit
2025-08-05T23:14:34.400230Z  INFO extract_candidates:extract_css_variables: tailwindcss_oxide::scanner: enter
2025-08-05T23:14:34.400238Z  INFO extract_candidates:extract_css_variables:extract: tailwindcss_oxide::scanner: enter
2025-08-05T23:14:34.403944Z  INFO extract_candidates:extract_css_variables:extract: tailwindcss_oxide::scanner: exit
2025-08-05T23:14:34.404005Z  INFO extract_candidates:extract_css_variables: tailwindcss_oxide::scanner: exit
2025-08-05T23:14:34.411896Z  INFO extract_candidates: tailwindcss_oxide::scanner: exit
2025-08-05T23:14:34.413513Z  INFO get_files: tailwindcss_oxide::scanner: enter
2025-08-05T23:14:34.413650Z  INFO get_files:scan_sources: tailwindcss_oxide::scanner: enter
2025-08-05T23:14:34.414112Z  INFO get_files:scan_sources: tailwindcss_oxide::scanner: Discovering "/home/sduskett/dev/client-projects/theboisegunclub/.specstory"
2025-08-05T23:14:34.414226Z  INFO get_files:scan_sources: tailwindcss_oxide::scanner: Discovering "/home/sduskett/dev/client-projects/theboisegunclub/.specstory/history"
2025-08-05T23:14:34.414361Z  INFO get_files:scan_sources: tailwindcss_oxide::scanner: Discovering "/home/sduskett/dev/client-projects/theboisegunclub/.idea"
2025-08-05T23:14:34.414452Z  INFO get_files:scan_sources: tailwindcss_oxide::scanner: Discovering "/home/sduskett/dev/client-projects/theboisegunclub/.idea/inspectionProfiles"
2025-08-05T23:14:34.414503Z  INFO get_files:scan_sources: tailwindcss_oxide::scanner: Discovering "/home/sduskett/dev/client-projects/theboisegunclub/scripts"
2025-08-05T23:14:34.414700Z  INFO get_files:scan_sources: tailwindcss_oxide::scanner: Discovering "/home/sduskett/dev/client-projects/theboisegunclub/specs"
2025-08-05T23:14:34.421617Z  INFO get_files:scan_sources: tailwindcss_oxide::scanner: Discovering "/home/sduskett/dev/client-projects/theboisegunclub/assets"
2025-08-05T23:14:34.424416Z  INFO get_files:scan_sources: tailwindcss_oxide::scanner: Discovering "/home/sduskett/dev/client-projects/theboisegunclub/assets/Audio"
2025-08-05T23:14:34.428285Z  INFO get_files:scan_sources: tailwindcss_oxide::scanner: Discovering "/home/sduskett/dev/client-projects/theboisegunclub/assets/Fonts"
2025-08-05T23:14:34.431729Z  INFO get_files:scan_sources: tailwindcss_oxide::scanner: Discovering "/home/sduskett/dev/client-projects/theboisegunclub/assets/Images"
2025-08-05T23:14:34.435410Z  INFO get_files:scan_sources: tailwindcss_oxide::scanner: Discovering "/home/sduskett/dev/client-projects/theboisegunclub/assets/Video"
2025-08-05T23:14:34.438348Z  INFO get_files:scan_sources: tailwindcss_oxide::scanner: Discovering "/home/sduskett/dev/client-projects/theboisegunclub/src"
2025-08-05T23:14:34.438429Z  INFO get_files:scan_sources: tailwindcss_oxide::scanner: Discovering "/home/sduskett/dev/client-projects/theboisegunclub/src/docs"
2025-08-05T23:14:34.438485Z  INFO get_files:scan_sources: tailwindcss_oxide::scanner: Discovering "/home/sduskett/dev/client-projects/theboisegunclub/src/components"
2025-08-05T23:14:34.438516Z  INFO get_files:scan_sources: tailwindcss_oxide::scanner: Discovering "/home/sduskett/dev/client-projects/theboisegunclub/src/components/marketing"
2025-08-05T23:14:34.438573Z  INFO get_files:scan_sources: tailwindcss_oxide::scanner: Discovering "/home/sduskett/dev/client-projects/theboisegunclub/src/components/ui"
2025-08-05T23:14:34.438962Z  INFO get_files:scan_sources: tailwindcss_oxide::scanner: Discovering "/home/sduskett/dev/client-projects/theboisegunclub/src/lib"
2025-08-05T23:14:34.439020Z  INFO get_files:scan_sources: tailwindcss_oxide::scanner: Discovering "/home/sduskett/dev/client-projects/theboisegunclub/src/hooks"
2025-08-05T23:14:34.439053Z  INFO get_files:scan_sources: tailwindcss_oxide::scanner: Discovering "/home/sduskett/dev/client-projects/theboisegunclub/src/app"
2025-08-05T23:14:34.439092Z  INFO get_files:scan_sources: tailwindcss_oxide::scanner: Discovering "/home/sduskett/dev/client-projects/theboisegunclub/src/app/guides"
2025-08-05T23:14:34.439126Z  INFO get_files:scan_sources: tailwindcss_oxide::scanner: Discovering "/home/sduskett/dev/client-projects/theboisegunclub/src/app/directory"
2025-08-05T23:14:34.439151Z  INFO get_files:scan_sources: tailwindcss_oxide::scanner: Discovering "/home/sduskett/dev/client-projects/theboisegunclub/src/app/api"
2025-08-05T23:14:34.439170Z  INFO get_files:scan_sources: tailwindcss_oxide::scanner: Discovering "/home/sduskett/dev/client-projects/theboisegunclub/src/app/api/altcha"
2025-08-05T23:14:34.439187Z  INFO get_files:scan_sources: tailwindcss_oxide::scanner: Discovering "/home/sduskett/dev/client-projects/theboisegunclub/src/app/api/altcha/challenge"
2025-08-05T23:14:34.439209Z  INFO get_files:scan_sources: tailwindcss_oxide::scanner: Discovering "/home/sduskett/dev/client-projects/theboisegunclub/src/app/api/contact"
2025-08-05T23:14:34.439234Z  INFO get_files:scan_sources: tailwindcss_oxide::scanner: Discovering "/home/sduskett/dev/client-projects/theboisegunclub/src/app/marketplace"
2025-08-05T23:14:34.439253Z  INFO get_files:scan_sources: tailwindcss_oxide::scanner: Discovering "/home/sduskett/dev/client-projects/theboisegunclub/src/app/training"
2025-08-05T23:14:34.439301Z  INFO get_files:scan_sources: tailwindcss_oxide::scanner: Discovering "/home/sduskett/dev/client-projects/theboisegunclub/src/app/events"
2025-08-05T23:14:34.439350Z  INFO get_files:scan_sources: tailwindcss_oxide::scanner: Discovering "/home/sduskett/dev/client-projects/theboisegunclub/src/app/components-demo"
2025-08-05T23:14:34.439392Z  INFO get_files:scan_sources: tailwindcss_oxide::scanner: Discovering "/home/sduskett/dev/client-projects/theboisegunclub/src/app/map"
2025-08-05T23:14:34.439452Z  INFO get_files:scan_sources: tailwindcss_oxide::scanner: Discovering "/home/sduskett/dev/client-projects/theboisegunclub/src/stories"
2025-08-05T23:14:34.439487Z  INFO get_files:scan_sources: tailwindcss_oxide::scanner: Discovering "/home/sduskett/dev/client-projects/theboisegunclub/src/stories/Components"
2025-08-05T23:14:34.439506Z  INFO get_files:scan_sources: tailwindcss_oxide::scanner: Discovering "/home/sduskett/dev/client-projects/theboisegunclub/src/stories/Components/Atoms"
2025-08-05T23:14:34.439649Z  INFO get_files:scan_sources: tailwindcss_oxide::scanner: Discovering "/home/sduskett/dev/client-projects/theboisegunclub/src/stories/Components/Molecules"
2025-08-05T23:14:34.439780Z  INFO get_files:scan_sources: tailwindcss_oxide::scanner: Discovering "/home/sduskett/dev/client-projects/theboisegunclub/src/stories/Components/Organisms"
2025-08-05T23:14:34.439859Z  INFO get_files:scan_sources: tailwindcss_oxide::scanner: Discovering "/home/sduskett/dev/client-projects/theboisegunclub/src/stories/Pages"
2025-08-05T23:14:34.439913Z  INFO get_files:scan_sources: tailwindcss_oxide::scanner: Discovering "/home/sduskett/dev/client-projects/theboisegunclub/src/stories/Business"
2025-08-05T23:14:34.439970Z  INFO get_files:scan_sources: tailwindcss_oxide::scanner: Discovering "/home/sduskett/dev/client-projects/theboisegunclub/src/stories/Foundation"
2025-08-05T23:14:34.440043Z  INFO get_files:scan_sources: tailwindcss_oxide::scanner: Discovering "/home/sduskett/dev/client-projects/theboisegunclub/src/stories/assets"
2025-08-05T23:14:34.440119Z  INFO get_files:scan_sources: tailwindcss_oxide::scanner: Discovering "/home/sduskett/dev/client-projects/theboisegunclub/src/stories/Patterns"
2025-08-05T23:14:34.440196Z  INFO get_files:scan_sources: tailwindcss_oxide::scanner: Discovering "/home/sduskett/dev/client-projects/theboisegunclub/.storybook"
2025-08-05T23:14:34.440278Z  INFO get_files:scan_sources: tailwindcss_oxide::scanner: Discovering "/home/sduskett/dev/client-projects/theboisegunclub/.github"
2025-08-05T23:14:34.440326Z  INFO get_files:scan_sources: tailwindcss_oxide::scanner: Discovering "/home/sduskett/dev/client-projects/theboisegunclub/public"
2025-08-05T23:14:34.440366Z  INFO get_files:scan_sources: tailwindcss_oxide::scanner: Discovering "/home/sduskett/dev/client-projects/theboisegunclub/public/images"
2025-08-05T23:14:34.440393Z  INFO get_files:scan_sources: tailwindcss_oxide::scanner: Discovering "/home/sduskett/dev/client-projects/theboisegunclub/public/images/Smoke"
2025-08-05T23:14:34.440443Z  INFO get_files:scan_sources: tailwindcss_oxide::scanner: Discovering "/home/sduskett/dev/client-projects/theboisegunclub/public/images/Dust"
2025-08-05T23:14:34.440498Z  INFO get_files:scan_sources: tailwindcss_oxide::scanner: Discovering "/home/sduskett/dev/client-projects/theboisegunclub/public/images/PixelHeat"
2025-08-05T23:14:34.440555Z  INFO get_files:scan_sources: tailwindcss_oxide::scanner: Discovering "/home/sduskett/dev/client-projects/theboisegunclub/public/images/Grid"
2025-08-05T23:14:34.440599Z  INFO get_files:scan_sources: tailwindcss_oxide::scanner: Discovering "/home/sduskett/dev/client-projects/theboisegunclub/public/images/Fractal"
2025-08-05T23:14:34.440746Z  INFO get_files:scan_sources: tailwindcss_oxide::scanner: exit
2025-08-05T23:14:34.442650Z  INFO get_files: tailwindcss_oxide::scanner: exit
2025-08-05T23:14:34.443542Z  INFO get_globs: tailwindcss_oxide::scanner: enter
2025-08-05T23:14:34.443590Z  INFO get_globs:scan_sources: tailwindcss_oxide::scanner: enter
2025-08-05T23:14:34.443916Z  INFO get_globs:scan_sources: tailwindcss_oxide::scanner: Discovering "/home/sduskett/dev/client-projects/theboisegunclub/.specstory"
2025-08-05T23:14:34.444020Z  INFO get_globs:scan_sources: tailwindcss_oxide::scanner: Discovering "/home/sduskett/dev/client-projects/theboisegunclub/.specstory/history"
2025-08-05T23:14:34.444144Z  INFO get_globs:scan_sources: tailwindcss_oxide::scanner: Discovering "/home/sduskett/dev/client-projects/theboisegunclub/.idea"
2025-08-05T23:14:34.444260Z  INFO get_globs:scan_sources: tailwindcss_oxide::scanner: Discovering "/home/sduskett/dev/client-projects/theboisegunclub/.idea/inspectionProfiles"
2025-08-05T23:14:34.444336Z  INFO get_globs:scan_sources: tailwindcss_oxide::scanner: Discovering "/home/sduskett/dev/client-projects/theboisegunclub/scripts"
2025-08-05T23:14:34.444595Z  INFO get_globs:scan_sources: tailwindcss_oxide::scanner: Discovering "/home/sduskett/dev/client-projects/theboisegunclub/specs"
2025-08-05T23:14:34.451796Z  INFO get_globs:scan_sources: tailwindcss_oxide::scanner: Discovering "/home/sduskett/dev/client-projects/theboisegunclub/assets"
2025-08-05T23:14:34.454938Z  INFO get_globs:scan_sources: tailwindcss_oxide::scanner: Discovering "/home/sduskett/dev/client-projects/theboisegunclub/assets/Audio"
2025-08-05T23:14:34.458464Z  INFO get_globs:scan_sources: tailwindcss_oxide::scanner: Discovering "/home/sduskett/dev/client-projects/theboisegunclub/assets/Fonts"
2025-08-05T23:14:34.462175Z  INFO get_globs:scan_sources: tailwindcss_oxide::scanner: Discovering "/home/sduskett/dev/client-projects/theboisegunclub/assets/Images"
2025-08-05T23:14:34.465704Z  INFO get_globs:scan_sources: tailwindcss_oxide::scanner: Discovering "/home/sduskett/dev/client-projects/theboisegunclub/assets/Video"
2025-08-05T23:14:34.468343Z  INFO get_globs:scan_sources: tailwindcss_oxide::scanner: Discovering "/home/sduskett/dev/client-projects/theboisegunclub/src"
2025-08-05T23:14:34.468424Z  INFO get_globs:scan_sources: tailwindcss_oxide::scanner: Discovering "/home/sduskett/dev/client-projects/theboisegunclub/src/docs"
2025-08-05T23:14:34.468479Z  INFO get_globs:scan_sources: tailwindcss_oxide::scanner: Discovering "/home/sduskett/dev/client-projects/theboisegunclub/src/components"
2025-08-05T23:14:34.468521Z  INFO get_globs:scan_sources: tailwindcss_oxide::scanner: Discovering "/home/sduskett/dev/client-projects/theboisegunclub/src/components/marketing"
2025-08-05T23:14:34.468567Z  INFO get_globs:scan_sources: tailwindcss_oxide::scanner: Discovering "/home/sduskett/dev/client-projects/theboisegunclub/src/components/ui"
2025-08-05T23:14:34.468944Z  INFO get_globs:scan_sources: tailwindcss_oxide::scanner: Discovering "/home/sduskett/dev/client-projects/theboisegunclub/src/lib"
2025-08-05T23:14:34.469000Z  INFO get_globs:scan_sources: tailwindcss_oxide::scanner: Discovering "/home/sduskett/dev/client-projects/theboisegunclub/src/hooks"
2025-08-05T23:14:34.469033Z  INFO get_globs:scan_sources: tailwindcss_oxide::scanner: Discovering "/home/sduskett/dev/client-projects/theboisegunclub/src/app"
2025-08-05T23:14:34.469074Z  INFO get_globs:scan_sources: tailwindcss_oxide::scanner: Discovering "/home/sduskett/dev/client-projects/theboisegunclub/src/app/guides"
2025-08-05T23:14:34.469140Z  INFO get_globs:scan_sources: tailwindcss_oxide::scanner: Discovering "/home/sduskett/dev/client-projects/theboisegunclub/src/app/directory"
2025-08-05T23:14:34.469186Z  INFO get_globs:scan_sources: tailwindcss_oxide::scanner: Discovering "/home/sduskett/dev/client-projects/theboisegunclub/src/app/api"
2025-08-05T23:14:34.469226Z  INFO get_globs:scan_sources: tailwindcss_oxide::scanner: Discovering "/home/sduskett/dev/client-projects/theboisegunclub/src/app/api/altcha"
2025-08-05T23:14:34.469263Z  INFO get_globs:scan_sources: tailwindcss_oxide::scanner: Discovering "/home/sduskett/dev/client-projects/theboisegunclub/src/app/api/altcha/challenge"
2025-08-05T23:14:34.469308Z  INFO get_globs:scan_sources: tailwindcss_oxide::scanner: Discovering "/home/sduskett/dev/client-projects/theboisegunclub/src/app/api/contact"
2025-08-05T23:14:34.469355Z  INFO get_globs:scan_sources: tailwindcss_oxide::scanner: Discovering "/home/sduskett/dev/client-projects/theboisegunclub/src/app/marketplace"
2025-08-05T23:14:34.469397Z  INFO get_globs:scan_sources: tailwindcss_oxide::scanner: Discovering "/home/sduskett/dev/client-projects/theboisegunclub/src/app/training"
2025-08-05T23:14:34.469454Z  INFO get_globs:scan_sources: tailwindcss_oxide::scanner: Discovering "/home/sduskett/dev/client-projects/theboisegunclub/src/app/events"
2025-08-05T23:14:34.469505Z  INFO get_globs:scan_sources: tailwindcss_oxide::scanner: Discovering "/home/sduskett/dev/client-projects/theboisegunclub/src/app/components-demo"
2025-08-05T23:14:34.469537Z  INFO get_globs:scan_sources: tailwindcss_oxide::scanner: Discovering "/home/sduskett/dev/client-projects/theboisegunclub/src/app/map"
2025-08-05T23:14:34.469559Z  INFO get_globs:scan_sources: tailwindcss_oxide::scanner: Discovering "/home/sduskett/dev/client-projects/theboisegunclub/src/stories"
2025-08-05T23:14:34.469604Z  INFO get_globs:scan_sources: tailwindcss_oxide::scanner: Discovering "/home/sduskett/dev/client-projects/theboisegunclub/src/stories/Components"
2025-08-05T23:14:34.469649Z  INFO get_globs:scan_sources: tailwindcss_oxide::scanner: Discovering "/home/sduskett/dev/client-projects/theboisegunclub/src/stories/Components/Atoms"
2025-08-05T23:14:34.469771Z  INFO get_globs:scan_sources: tailwindcss_oxide::scanner: Discovering "/home/sduskett/dev/client-projects/theboisegunclub/src/stories/Components/Molecules"
2025-08-05T23:14:34.469904Z  INFO get_globs:scan_sources: tailwindcss_oxide::scanner: Discovering "/home/sduskett/dev/client-projects/theboisegunclub/src/stories/Components/Organisms"
2025-08-05T23:14:34.469969Z  INFO get_globs:scan_sources: tailwindcss_oxide::scanner: Discovering "/home/sduskett/dev/client-projects/theboisegunclub/src/stories/Pages"
2025-08-05T23:14:34.470034Z  INFO get_globs:scan_sources: tailwindcss_oxide::scanner: Discovering "/home/sduskett/dev/client-projects/theboisegunclub/src/stories/Business"
2025-08-05T23:14:34.470110Z  INFO get_globs:scan_sources: tailwindcss_oxide::scanner: Discovering "/home/sduskett/dev/client-projects/theboisegunclub/src/stories/Foundation"
2025-08-05T23:14:34.470214Z  INFO get_globs:scan_sources: tailwindcss_oxide::scanner: Discovering "/home/sduskett/dev/client-projects/theboisegunclub/src/stories/assets"
2025-08-05T23:14:34.470293Z  INFO get_globs:scan_sources: tailwindcss_oxide::scanner: Discovering "/home/sduskett/dev/client-projects/theboisegunclub/src/stories/Patterns"
2025-08-05T23:14:34.470356Z  INFO get_globs:scan_sources: tailwindcss_oxide::scanner: Discovering "/home/sduskett/dev/client-projects/theboisegunclub/.storybook"
2025-08-05T23:14:34.470426Z  INFO get_globs:scan_sources: tailwindcss_oxide::scanner: Discovering "/home/sduskett/dev/client-projects/theboisegunclub/.github"
2025-08-05T23:14:34.470474Z  INFO get_globs:scan_sources: tailwindcss_oxide::scanner: Discovering "/home/sduskett/dev/client-projects/theboisegunclub/public"
2025-08-05T23:14:34.470504Z  INFO get_globs:scan_sources: tailwindcss_oxide::scanner: Discovering "/home/sduskett/dev/client-projects/theboisegunclub/public/images"
2025-08-05T23:14:34.470531Z  INFO get_globs:scan_sources: tailwindcss_oxide::scanner: Discovering "/home/sduskett/dev/client-projects/theboisegunclub/public/images/Smoke"
2025-08-05T23:14:34.470569Z  INFO get_globs:scan_sources: tailwindcss_oxide::scanner: Discovering "/home/sduskett/dev/client-projects/theboisegunclub/public/images/Dust"
2025-08-05T23:14:34.470603Z  INFO get_globs:scan_sources: tailwindcss_oxide::scanner: Discovering "/home/sduskett/dev/client-projects/theboisegunclub/public/images/PixelHeat"
2025-08-05T23:14:34.470641Z  INFO get_globs:scan_sources: tailwindcss_oxide::scanner: Discovering "/home/sduskett/dev/client-projects/theboisegunclub/public/images/Grid"
2025-08-05T23:14:34.470686Z  INFO get_globs:scan_sources: tailwindcss_oxide::scanner: Discovering "/home/sduskett/dev/client-projects/theboisegunclub/public/images/Fractal"
2025-08-05T23:14:34.470837Z  INFO get_globs:scan_sources: tailwindcss_oxide::scanner: exit
2025-08-05T23:14:34.481765Z  INFO get_globs: tailwindcss_oxide::scanner: exit
